account_id	client_id	branch_id	account_type	currency	open_date	close_date	status	balance	source_system	load_batch_id
600000	200000	1350	SAVINGS	INR	2020-08-21		ACTIVE	69942	ABS_CORE	ABS_2026_04_25
600001	200001	1648	DEPOSIT	INR	2024-08-29	2025-09-29	CLOSED	78424	ABS_CORE	ABS_2026_04_25
600002	200002	1798	SAVINGS	USD	2020-11-24		ACTIVE	181408	ABS_CORE	ABS_2026_04_25
600003	200003	1900	BUSINESS	INR	2022-09-11		ACTIVE	24331	ABS_CORE	ABS_2026_04_25
600004	200004	1227	DEPOSIT	INR	2020-08-14		ACTIVE	24614	ABS_CORE	ABS_2026_04_25
600005	200005	1015	DEPOSIT	INR	2024-05-15		ACTIVE	68080	ABS_CORE	ABS_2026_04_25
600006	200006	1809	CURRENT	EUR	2023-08-12		ACTIVE	70238	ABS_CORE	ABS_2026_04_25
600007	200007	1424	SAVINGS	INR	2022-08-08		ACTIVE	11340	ABS_CORE	ABS_2026_04_25
600008	200008	1463	BUSINESS	INR	2024-10-11		ACTIVE	112672	ABS_CORE	ABS_2026_04_25
600009	200009	1723	SAVINGS	INR	2024-02-21		ACTIVE	13029	ABS_CORE	ABS_2026_04_25
600010	200010	1245	CURRENT	INR	2020-01-20		ACTIVE	94723	ABS_CORE	ABS_2026_04_25
600011	200011	1797	CREDIT_CARD	INR	2025-01-05	2025-11-05	CLOSED	25366	ABS_CORE	ABS_2026_04_25
600012	200012	1793	BUSINESS	INR	2022-02-02		ACTIVE	120678	ABS_CORE	ABS_2026_04_25
600013	200013	1176	CREDIT_CARD	INR	2021-07-10		ACTIVE	111556	ABS_CORE	ABS_2026_04_25
600014	200014	1542	CURRENT	INR	2023-08-21		ACTIVE	16373	ABS_CORE	ABS_2026_04_25
600015	200015	1508	CURRENT	USD	2024-09-25		ACTIVE	127530	ABS_CORE	ABS_2026_04_25
600016	200016	1561	DEPOSIT	INR	2024-07-01		ACTIVE	100549	ABS_CORE	ABS_2026_04_25
600017	200017	1654	BUSINESS	INR	2024-05-14		ACTIVE	191651	ABS_CORE	ABS_2026_04_25
600018	200018	1563	CURRENT	INR	2024-12-31		ACTIVE	108815	ABS_CORE	ABS_2026_04_25
600019	200019	1232	SAVINGS	INR	2022-06-21		ACTIVE	4240	ABS_CORE	ABS_2026_04_25
600020	200020	1677	DEPOSIT	INR	2023-12-13		ACTIVE	149114	ABS_CORE	ABS_2026_04_25
600021	200021	1037	BUSINESS	INR	2021-04-03		ACTIVE	163067	ABS_CORE	ABS_2026_04_25
600022	200022	1490	CREDIT_CARD	INR	2020-07-14		ACTIVE	91636	ABS_CORE	ABS_2026_04_25
600023	200023	1443	CREDIT_CARD	INR	2023-09-21		ACTIVE	161671	ABS_CORE	ABS_2026_04_25
600024	200024	1019	SAVINGS	INR	2020-04-21		ACTIVE	124021	ABS_CORE	ABS_2026_04_25
600025	200025	1610	CREDIT_CARD	INR	2024-10-10		ACTIVE	129882	ABS_CORE	ABS_2026_04_25
600026	200026	1726	CURRENT	INR	2021-10-18		ACTIVE	133888	ABS_CORE	ABS_2026_04_25
600027	200027	1555	DEPOSIT	INR	2021-04-01		ACTIVE	62603	ABS_CORE	ABS_2026_04_25
600028	200028	1110	CREDIT_CARD	INR	2020-06-10		ACTIVE	24073	ABS_CORE	ABS_2026_04_25
600029	200029	1486	CREDIT_CARD	INR	2024-10-20		ACTIVE	131383	ABS_CORE	ABS_2026_04_25
600030	200030	1088	SAVINGS	INR	2024-03-06		ACTIVE	147048	ABS_CORE	ABS_2026_04_25
600031	200031	1318	SAVINGS	INR	2023-01-29		ACTIVE	163284	ABS_CORE	ABS_2026_04_25
600032	200032	1117	BUSINESS	INR	2023-07-29		ACTIVE	172598	ABS_CORE	ABS_2026_04_25
600033	200033	1433	CREDIT_CARD	INR	2023-10-07	2024-11-12	CLOSED	59436	ABS_CORE	ABS_2026_04_25
600034	200034	1917	CREDIT_CARD	INR	2024-09-25		ACTIVE	158273	ABS_CORE	ABS_2026_04_25
600035	200035	1238	BUSINESS	INR	2022-08-26		ACTIVE	173729	ABS_CORE	ABS_2026_04_25
600036	200036	1071	SAVINGS	INR	2021-03-30		ACTIVE	77541	ABS_CORE	ABS_2026_04_25
600037	200037	1821	DEPOSIT	INR	2023-01-26		ACTIVE	44032	ABS_CORE	ABS_2026_04_25
600038	200038	1904	CURRENT	INR	2022-10-05		ACTIVE	108272	ABS_CORE	ABS_2026_04_25
600039	200039	1398	BUSINESS	INR	2020-08-07		ACTIVE	103995	ABS_CORE	ABS_2026_04_25
600040	200040	1815	CREDIT_CARD	INR	2021-03-17		ACTIVE	89587	ABS_CORE	ABS_2026_04_25
600041	200041	1403	CREDIT_CARD	INR	2020-08-08		ACTIVE	177197	ABS_CORE	ABS_2026_04_25
600042	200042	1674	SAVINGS	INR	2023-04-20		ACTIVE	173610	ABS_CORE	ABS_2026_04_25
600043	200043	1250	DEPOSIT	INR	2023-04-21		ACTIVE	140031	ABS_CORE	ABS_2026_04_25
600044	200044	1868	SAVINGS	INR	2024-02-16		ACTIVE	154385	ABS_CORE	ABS_2026_04_25
600045	200045	1194	DEPOSIT	USD	2022-09-16		ACTIVE	182355	ABS_CORE	ABS_2026_04_25
600046	200046	1571	CURRENT	INR	2023-03-30		ACTIVE	102556	ABS_CORE	ABS_2026_04_25
600047	200047	1609	DEPOSIT	INR	2023-09-08		ACTIVE	101837	ABS_CORE	ABS_2026_04_25
600048	200048	1929	DEPOSIT	INR	2022-05-07		BLOCKED	72721	ABS_CORE	ABS_2026_04_25
600049	200049	1867	BUSINESS	INR	2022-03-25	2023-07-31	CLOSED	37223	ABS_CORE	ABS_2026_04_25
600050	200050	1866	DEPOSIT	INR	2022-04-25		ACTIVE	79358	ABS_CORE	ABS_2026_04_25
600051	200051	1584	DEPOSIT	INR	2024-09-22		ACTIVE	146118	ABS_CORE	ABS_2026_04_25
600052	200052	1221	CURRENT	INR	2023-07-19		ACTIVE	77173	ABS_CORE	ABS_2026_04_25
600053	200053	1630	BUSINESS	INR	2023-11-07		BLOCKED	187226	ABS_CORE	ABS_2026_04_25
600054	200054	1181	CURRENT	INR	2023-08-24		ACTIVE	85510	ABS_CORE	ABS_2026_04_25
600055	200055	1895	SAVINGS	INR	2023-12-25		ACTIVE	153779	ABS_CORE	ABS_2026_04_25
600056	200056	1729	CREDIT_CARD	INR	2023-03-14		ACTIVE	140959	ABS_CORE	ABS_2026_04_25
600057	200057	1255	CREDIT_CARD	INR	2021-08-08		ACTIVE	7624	ABS_CORE	ABS_2026_04_25
600058	200058	1907	CURRENT	INR	2022-02-19		ACTIVE	70986	ABS_CORE	ABS_2026_04_25
600059	200059	1087	CURRENT	INR	2024-03-16	2026-03-15	CLOSED	17261	ABS_CORE	ABS_2026_04_25
600060	200060	1872	BUSINESS	INR	2023-11-15		ACTIVE	95026	ABS_CORE	ABS_2026_04_25
600061	200061	1786	CREDIT_CARD	INR	2024-07-25		ACTIVE	194853	ABS_CORE	ABS_2026_04_25
600062	200062	1491	CURRENT	INR	2023-02-24		ACTIVE	63284	ABS_CORE	ABS_2026_04_25
600063	200063	1335	BUSINESS	INR	2022-11-12		ACTIVE	101029	ABS_CORE	ABS_2026_04_25
600064	200064	1537	CREDIT_CARD	INR	2022-03-04	2024-03-04	CLOSED	145736	ABS_CORE	ABS_2026_04_25
600065	200065	1406	SAVINGS	INR	2020-04-20		ACTIVE	117146	ABS_CORE	ABS_2026_04_25
600066	200066	1632	CURRENT	INR	2024-08-26		BLOCKED	170772	ABS_CORE	ABS_2026_04_25
600067	200067	1288	DEPOSIT	INR	2022-01-23		ACTIVE	191031	ABS_CORE	ABS_2026_04_25
600068	200068	1361	BUSINESS	EUR	2021-01-31		ACTIVE	20521	ABS_CORE	ABS_2026_04_25
600069	200069	1440	CURRENT	INR	2021-01-17		ACTIVE	11652	ABS_CORE	ABS_2026_04_25
600070	200070	1029	BUSINESS	INR	2022-05-27		ACTIVE	154088	ABS_CORE	ABS_2026_04_25
600071	200071	1918	BUSINESS	INR	2024-09-28		ACTIVE	41581	ABS_CORE	ABS_2026_04_25
600072	200072	1713	CURRENT	INR	2020-03-22		BLOCKED	164936	ABS_CORE	ABS_2026_04_25
600073	200073	1893	BUSINESS	INR	2023-06-14		ACTIVE	94869	ABS_CORE	ABS_2026_04_25
600074	200074	1547	BUSINESS	EUR	2020-05-29		ACTIVE	137473	ABS_CORE	ABS_2026_04_25
600075	200075	1636	DEPOSIT	INR	2020-05-19		ACTIVE	106753	ABS_CORE	ABS_2026_04_25
600076	200076	1222	BUSINESS	INR	2020-07-07		ACTIVE	88001	ABS_CORE	ABS_2026_04_25
600077	200077	1746	BUSINESS	EUR	2021-11-09		ACTIVE	163078	ABS_CORE	ABS_2026_04_25
600078	200078	1123	CREDIT_CARD	INR	2022-12-22	2025-05-13	CLOSED	171210	ABS_CORE	ABS_2026_04_25
600079	200079	1981	SAVINGS	INR	2020-01-19		ACTIVE	169365	ABS_CORE	ABS_2026_04_25
600080	200080	1682	DEPOSIT	INR	2023-06-10		ACTIVE	85131	ABS_CORE	ABS_2026_04_25
600081	200081	1997	SAVINGS	INR	2022-02-20		ACTIVE	75141	ABS_CORE	ABS_2026_04_25
600082	200082	1961	DEPOSIT	INR	2020-02-20		ACTIVE	134361	ABS_CORE	ABS_2026_04_25
600083	200083	1692	CREDIT_CARD	INR	2022-07-01		ACTIVE	51465	ABS_CORE	ABS_2026_04_25
600084	200084	1214	DEPOSIT	INR	2021-10-18		ACTIVE	142026	ABS_CORE	ABS_2026_04_25
600085	200085	1117	SAVINGS	INR	2022-12-28		ACTIVE	166023	ABS_CORE	ABS_2026_04_25
600086	200086	1226	CURRENT	INR	2024-05-03		ACTIVE	28243	ABS_CORE	ABS_2026_04_25
600087	200087	1890	DEPOSIT	INR	2021-02-25		ACTIVE	195347	ABS_CORE	ABS_2026_04_25
600088	200088	1443	CREDIT_CARD	USD	2024-05-06		ACTIVE	196792	ABS_CORE	ABS_2026_04_25
600089	200089	1548	CURRENT	INR	2023-11-06		ACTIVE	10931	ABS_CORE	ABS_2026_04_25
600090	200090	1828	SAVINGS	INR	2020-06-28		ACTIVE	147298	ABS_CORE	ABS_2026_04_25
600091	200091	1607	DEPOSIT	USD	2020-05-24		ACTIVE	107858	ABS_CORE	ABS_2026_04_25
600092	200092	1631	CREDIT_CARD	INR	2022-03-05		ACTIVE	5427	ABS_CORE	ABS_2026_04_25
600093	200093	1436	SAVINGS	INR	2022-03-08		ACTIVE	163096	ABS_CORE	ABS_2026_04_25
600094	200094	1011	DEPOSIT	INR	2020-05-09		ACTIVE	94768	ABS_CORE	ABS_2026_04_25
600095	200095	1121	SAVINGS	INR	2022-10-26		ACTIVE	160007	ABS_CORE	ABS_2026_04_25
600096	200096	1546	BUSINESS	INR	2020-06-26		ACTIVE	104576	ABS_CORE	ABS_2026_04_25
600097	200097	1488	SAVINGS	INR	2024-08-10		ACTIVE	36751	ABS_CORE	ABS_2026_04_25
600098	200098	1250	CREDIT_CARD	INR	2024-03-09		ACTIVE	78326	ABS_CORE	ABS_2026_04_25
600099	200099	1578	CURRENT	INR	2023-07-22		ACTIVE	192188	ABS_CORE	ABS_2026_04_25
600100	200100	1481	BUSINESS	INR	2023-08-19	2023-09-29	CLOSED	146508	ABS_CORE	ABS_2026_04_25
600101	200101	1549	SAVINGS	INR	2020-10-16		ACTIVE	104306	ABS_CORE	ABS_2026_04_25
600102	200102	1279	DEPOSIT	INR	2023-01-05		BLOCKED	197161	ABS_CORE	ABS_2026_04_25
600103	200103	1741	BUSINESS	USD	2024-02-27		ACTIVE	135362	ABS_CORE	ABS_2026_04_25
600104	200104	1336	CURRENT	INR	2020-10-18		ACTIVE	67254	ABS_CORE	ABS_2026_04_25
600105	200105	1167	SAVINGS	INR	2021-02-01		ACTIVE	15257	ABS_CORE	ABS_2026_04_25
600106	200106	1960	DEPOSIT	INR	2024-10-09		ACTIVE	77192	ABS_CORE	ABS_2026_04_25
600107	200107	1952	SAVINGS	INR	2023-10-07		ACTIVE	153199	ABS_CORE	ABS_2026_04_25
600108	200108	1327	BUSINESS	INR	2022-09-24		ACTIVE	62481	ABS_CORE	ABS_2026_04_25
600109	200109	1245	BUSINESS	USD	2020-07-23		ACTIVE	84305	ABS_CORE	ABS_2026_04_25
600110	200110	1590	CREDIT_CARD	INR	2022-09-22		ACTIVE	182785	ABS_CORE	ABS_2026_04_25
600111	200111	1625	CURRENT	INR	2023-04-11		ACTIVE	83924	ABS_CORE	ABS_2026_04_25
600112	200112	1300	CURRENT	INR	2022-05-27		ACTIVE	59071	ABS_CORE	ABS_2026_04_25
600113	200113	1728	CREDIT_CARD	INR	2023-12-29		ACTIVE	179147	ABS_CORE	ABS_2026_04_25
600114	200114	1199	BUSINESS	INR	2024-02-10		ACTIVE	95041	ABS_CORE	ABS_2026_04_25
600115	200115	1892	BUSINESS	INR	2024-05-05		ACTIVE	170227	ABS_CORE	ABS_2026_04_25
600116	200116	1499	SAVINGS	INR	2023-05-27		ACTIVE	37700	ABS_CORE	ABS_2026_04_25
600117	200117	1863	DEPOSIT	INR	2024-12-30		ACTIVE	165264	ABS_CORE	ABS_2026_04_25
600118	200118	1753	SAVINGS	INR	2020-06-05		ACTIVE	166577	ABS_CORE	ABS_2026_04_25
600119	200119	1012	DEPOSIT	INR	2020-03-04		ACTIVE	56773	ABS_CORE	ABS_2026_04_25
600120	200120	1365	DEPOSIT	INR	2020-03-16		ACTIVE	142473	ABS_CORE	ABS_2026_04_25
600121	200121	1718	CURRENT	INR	2022-08-24		ACTIVE	155560	ABS_CORE	ABS_2026_04_25
600122	200122	1773	BUSINESS	INR	2024-02-10		ACTIVE	24738	ABS_CORE	ABS_2026_04_25
600123	200123	1096	BUSINESS	INR	2022-03-23		ACTIVE	161965	ABS_CORE	ABS_2026_04_25
600124	200124	1070	CURRENT	INR	2023-11-02		ACTIVE	42739	ABS_CORE	ABS_2026_04_25
600125	200125	1992	DEPOSIT	INR	2021-01-01		BLOCKED	39325	ABS_CORE	ABS_2026_04_25
600126	200126	1814	CREDIT_CARD	INR	2024-02-16		BLOCKED	128832	ABS_CORE	ABS_2026_04_25
600127	200127	1860	SAVINGS	INR	2021-04-19		ACTIVE	176265	ABS_CORE	ABS_2026_04_25
600128	200128	1741	DEPOSIT	INR	2021-02-27		BLOCKED	124122	ABS_CORE	ABS_2026_04_25
600129	200129	1356	SAVINGS	INR	2022-07-20		ACTIVE	28059	ABS_CORE	ABS_2026_04_25
600130	200130	1811	DEPOSIT	INR	2023-12-12		ACTIVE	195487	ABS_CORE	ABS_2026_04_25
600131	200131	1543	DEPOSIT	INR	2021-06-23		ACTIVE	172357	ABS_CORE	ABS_2026_04_25
600132	200132	1249	BUSINESS	INR	2022-02-14		ACTIVE	21404	ABS_CORE	ABS_2026_04_25
600133	200133	1253	BUSINESS	USD	2022-11-24		ACTIVE	136363	ABS_CORE	ABS_2026_04_25
600134	200134	1770	BUSINESS	INR	2022-04-11		ACTIVE	127382	ABS_CORE	ABS_2026_04_25
600135	200135	1181	DEPOSIT	INR	2024-12-21		ACTIVE	116316	ABS_CORE	ABS_2026_04_25
600136	200136	1851	CURRENT	INR	2020-12-05		ACTIVE	56447	ABS_CORE	ABS_2026_04_25
600137	200137	1973	CURRENT	INR	2020-11-03		ACTIVE	32019	ABS_CORE	ABS_2026_04_25
600138	200138	1987	CURRENT	INR	2023-09-15		ACTIVE	30711	ABS_CORE	ABS_2026_04_25
600139	200139	1165	CREDIT_CARD	INR	2022-09-13		ACTIVE	170675	ABS_CORE	ABS_2026_04_25
600140	200140	1003	CREDIT_CARD	INR	2024-09-02		ACTIVE	151336	ABS_CORE	ABS_2026_04_25
600141	200141	1462	CURRENT	INR	2023-04-28		ACTIVE	151016	ABS_CORE	ABS_2026_04_25
600142	200142	1144	SAVINGS	USD	2020-10-27		ACTIVE	136434	ABS_CORE	ABS_2026_04_25
600143	200143	1164	DEPOSIT	INR	2022-04-10	2024-02-21	CLOSED	189625	ABS_CORE	ABS_2026_04_25
600144	200144	1343	BUSINESS	INR	2024-01-30		BLOCKED	159997	ABS_CORE	ABS_2026_04_25
600145	200145	1997	CREDIT_CARD	INR	2022-08-23		ACTIVE	158506	ABS_CORE	ABS_2026_04_25
600146	200146	1873	DEPOSIT	INR	2020-10-19		ACTIVE	173922	ABS_CORE	ABS_2026_04_25
600147	200147	1104	BUSINESS	INR	2022-11-12		ACTIVE	119874	ABS_CORE	ABS_2026_04_25
600148	200148	1547	DEPOSIT	INR	2023-05-06		ACTIVE	35658	ABS_CORE	ABS_2026_04_25
600149	200149	1313	SAVINGS	INR	2020-08-10		ACTIVE	133214	ABS_CORE	ABS_2026_04_25
600150	200150	1168	CREDIT_CARD	INR	2023-11-02		ACTIVE	47510	ABS_CORE	ABS_2026_04_25
600151	200151	1519	DEPOSIT	INR	2022-09-01		ACTIVE	140311	ABS_CORE	ABS_2026_04_25
600152	200152	1962	SAVINGS	INR	2022-10-27		ACTIVE	159197	ABS_CORE	ABS_2026_04_25
600153	200153	1925	SAVINGS	INR	2023-01-09		ACTIVE	171192	ABS_CORE	ABS_2026_04_25
600154	200154	1597	DEPOSIT	INR	2022-06-02		ACTIVE	183882	ABS_CORE	ABS_2026_04_25
600155	200155	1435	CREDIT_CARD	INR	2022-12-21		ACTIVE	100938	ABS_CORE	ABS_2026_04_25
600156	200156	1608	DEPOSIT	USD	2021-12-18		ACTIVE	183637	ABS_CORE	ABS_2026_04_25
600157	200157	1511	SAVINGS	INR	2023-03-25		ACTIVE	61951	ABS_CORE	ABS_2026_04_25
600158	200158	1408	SAVINGS	INR	2024-10-25		ACTIVE	108124	ABS_CORE	ABS_2026_04_25
600159	200159	1435	CURRENT	INR	2021-06-11		ACTIVE	2864	ABS_CORE	ABS_2026_04_25
600160	200160	1314	DEPOSIT	INR	2023-03-29		ACTIVE	172585	ABS_CORE	ABS_2026_04_25
600161	200161	1541	BUSINESS	INR	2021-02-24		ACTIVE	112692	ABS_CORE	ABS_2026_04_25
600162	200162	1612	DEPOSIT	INR	2023-08-27		ACTIVE	112034	ABS_CORE	ABS_2026_04_25
600163	200163	1578	BUSINESS	EUR	2023-03-02		ACTIVE	105190	ABS_CORE	ABS_2026_04_25
600164	200164	1899	CURRENT	INR	2024-03-26		ACTIVE	127476	ABS_CORE	ABS_2026_04_25
600165	200165	1860	BUSINESS	INR	2021-01-01		ACTIVE	81387	ABS_CORE	ABS_2026_04_25
600166	200166	1952	BUSINESS	INR	2023-03-29		ACTIVE	37193	ABS_CORE	ABS_2026_04_25
600167	200167	1062	SAVINGS	INR	2024-10-17		ACTIVE	184320	ABS_CORE	ABS_2026_04_25
600168	200168	1031	SAVINGS	INR	2020-11-27		ACTIVE	89719	ABS_CORE	ABS_2026_04_25
600169	200169	1598	DEPOSIT	INR	2024-06-28		ACTIVE	14645	ABS_CORE	ABS_2026_04_25
600170	200170	1210	CREDIT_CARD	INR	2020-11-25	2020-12-30	CLOSED	39096	ABS_CORE	ABS_2026_04_25
600171	200171	1462	DEPOSIT	INR	2022-08-23		ACTIVE	59135	ABS_CORE	ABS_2026_04_25
600172	200172	1562	SAVINGS	INR	2022-01-29		ACTIVE	106026	ABS_CORE	ABS_2026_04_25
600173	200173	1574	DEPOSIT	EUR	2023-06-11		ACTIVE	16063	ABS_CORE	ABS_2026_04_25
600174	200174	1079	CURRENT	INR	2024-05-03		ACTIVE	53876	ABS_CORE	ABS_2026_04_25
600175	200175	1342	DEPOSIT	INR	2024-10-07		ACTIVE	158159	ABS_CORE	ABS_2026_04_25
600176	200176	1231	DEPOSIT	INR	2022-11-11		ACTIVE	177691	ABS_CORE	ABS_2026_04_25
600177	200177	1877	BUSINESS	INR	2020-03-14		ACTIVE	42273	ABS_CORE	ABS_2026_04_25
600178	200178	1612	BUSINESS	INR	2020-06-26		ACTIVE	104584	ABS_CORE	ABS_2026_04_25
600179	200179	1128	DEPOSIT	INR	2022-04-10		ACTIVE	185450	ABS_CORE	ABS_2026_04_25
600180	200180	1018	SAVINGS	INR	2020-05-20		ACTIVE	147568	ABS_CORE	ABS_2026_04_25
600181	200181	1356	BUSINESS	INR	2023-04-08		ACTIVE	60322	ABS_CORE	ABS_2026_04_25
600182	200182	1418	CURRENT	INR	2023-05-26		ACTIVE	2219	ABS_CORE	ABS_2026_04_25
600183	200183	1958	CURRENT	INR	2021-06-18		ACTIVE	19975	ABS_CORE	ABS_2026_04_25
600184	200184	1605	BUSINESS	INR	2022-10-27		ACTIVE	135555	ABS_CORE	ABS_2026_04_25
600185	200185	1080	DEPOSIT	INR	2021-06-11		ACTIVE	182978	ABS_CORE	ABS_2026_04_25
600186	200186	1614	CREDIT_CARD	INR	2022-06-25		ACTIVE	199567	ABS_CORE	ABS_2026_04_25
600187	200187	1880	CREDIT_CARD	INR	2021-11-26		ACTIVE	8169	ABS_CORE	ABS_2026_04_25
600188	200188	1665	SAVINGS	INR	2022-09-14		ACTIVE	58771	ABS_CORE	ABS_2026_04_25
600189	200189	1780	CURRENT	INR	2023-10-18		ACTIVE	93562	ABS_CORE	ABS_2026_04_25
600190	200190	1117	DEPOSIT	INR	2022-11-23		ACTIVE	66079	ABS_CORE	ABS_2026_04_25
600191	200191	1853	SAVINGS	INR	2021-08-11		ACTIVE	90651	ABS_CORE	ABS_2026_04_25
600192	200192	1493	DEPOSIT	INR	2020-06-04		BLOCKED	93677	ABS_CORE	ABS_2026_04_25
600193	200193	1790	DEPOSIT	USD	2021-03-23		ACTIVE	180072	ABS_CORE	ABS_2026_04_25
600194	200194	1491	CREDIT_CARD	INR	2021-01-24		ACTIVE	64453	ABS_CORE	ABS_2026_04_25
600195	200195	1874	BUSINESS	INR	2024-11-22		ACTIVE	66456	ABS_CORE	ABS_2026_04_25
600196	200196	1224	DEPOSIT	INR	2024-09-08		ACTIVE	32425	ABS_CORE	ABS_2026_04_25
600197	200197	1986	CREDIT_CARD	INR	2020-06-09		ACTIVE	142944	ABS_CORE	ABS_2026_04_25
600198	200198	1418	CREDIT_CARD	INR	2020-03-27		ACTIVE	151606	ABS_CORE	ABS_2026_04_25
600199	200199	1779	BUSINESS	EUR	2024-11-14		ACTIVE	134990	ABS_CORE	ABS_2026_04_25
600200	200200	1136	CREDIT_CARD	INR	2021-07-27		ACTIVE	15194	ABS_CORE	ABS_2026_04_25
600201	200201	1225	CREDIT_CARD	INR	2022-12-12		ACTIVE	132720	ABS_CORE	ABS_2026_04_25
600202	200202	1333	CREDIT_CARD	INR	2021-12-12		ACTIVE	120851	ABS_CORE	ABS_2026_04_25
600203	200203	1228	DEPOSIT	INR	2020-09-03		ACTIVE	4098	ABS_CORE	ABS_2026_04_25
600204	200204	1322	CURRENT	INR	2023-10-12		ACTIVE	95791	ABS_CORE	ABS_2026_04_25
600205	200205	1107	BUSINESS	INR	2023-06-08		ACTIVE	71623	ABS_CORE	ABS_2026_04_25
600206	200206	1811	DEPOSIT	INR	2022-08-23		ACTIVE	112134	ABS_CORE	ABS_2026_04_25
600207	200207	1444	CREDIT_CARD	INR	2021-03-07		ACTIVE	106012	ABS_CORE	ABS_2026_04_25
600208	200208	1916	CREDIT_CARD	INR	2021-07-26		ACTIVE	151966	ABS_CORE	ABS_2026_04_25
600209	200209	1006	CURRENT	INR	2023-11-05		ACTIVE	62814	ABS_CORE	ABS_2026_04_25
600210	200210	1127	CREDIT_CARD	INR	2023-02-11		ACTIVE	194604	ABS_CORE	ABS_2026_04_25
600211	200211	1352	CREDIT_CARD	INR	2020-11-02		ACTIVE	131966	ABS_CORE	ABS_2026_04_25
600212	200212	1994	DEPOSIT	INR	2020-10-02		ACTIVE	128564	ABS_CORE	ABS_2026_04_25
600213	200213	1266	BUSINESS	INR	2021-09-06		ACTIVE	105438	ABS_CORE	ABS_2026_04_25
600214	200214	1684	CURRENT	INR	2020-07-21		ACTIVE	125921	ABS_CORE	ABS_2026_04_25
600215	200215	1927	SAVINGS	INR	2024-09-14		ACTIVE	95624	ABS_CORE	ABS_2026_04_25
600216	200216	1213	DEPOSIT	INR	2022-01-07		ACTIVE	91214	ABS_CORE	ABS_2026_04_25
600217	200217	1246	CREDIT_CARD	INR	2020-02-10		ACTIVE	159748	ABS_CORE	ABS_2026_04_25
600218	200218	1617	DEPOSIT	INR	2021-02-11		ACTIVE	46754	ABS_CORE	ABS_2026_04_25
600219	200219	1594	BUSINESS	INR	2024-05-17		ACTIVE	128793	ABS_CORE	ABS_2026_04_25
600220	200220	1803	CREDIT_CARD	INR	2024-05-05		ACTIVE	76110	ABS_CORE	ABS_2026_04_25
600221	200221	1373	CURRENT	INR	2022-08-07		ACTIVE	89444	ABS_CORE	ABS_2026_04_25
600222	200222	1420	DEPOSIT	INR	2022-05-13		ACTIVE	19702	ABS_CORE	ABS_2026_04_25
600223	200223	1714	CURRENT	INR	2020-06-11		ACTIVE	172183	ABS_CORE	ABS_2026_04_25
600224	200224	1040	BUSINESS	INR	2021-08-19		ACTIVE	117627	ABS_CORE	ABS_2026_04_25
600225	200225	1716	BUSINESS	INR	2024-05-18		ACTIVE	119040	ABS_CORE	ABS_2026_04_25
600226	200226	1347	CURRENT	INR	2022-04-27		ACTIVE	191781	ABS_CORE	ABS_2026_04_25
600227	200227	1560	BUSINESS	INR	2021-04-25		BLOCKED	21988	ABS_CORE	ABS_2026_04_25
600228	200228	1142	CURRENT	INR	2021-03-07		ACTIVE	125042	ABS_CORE	ABS_2026_04_25
600229	200229	1140	SAVINGS	INR	2023-01-28		ACTIVE	22823	ABS_CORE	ABS_2026_04_25
600230	200230	1564	BUSINESS	INR	2020-07-31		ACTIVE	103195	ABS_CORE	ABS_2026_04_25
600231	200231	1106	CURRENT	INR	2021-09-25		ACTIVE	165228	ABS_CORE	ABS_2026_04_25
600232	200232	1032	CURRENT	INR	2020-09-15		ACTIVE	10215	ABS_CORE	ABS_2026_04_25
600233	200233	1199	BUSINESS	INR	2023-09-20		ACTIVE	125821	ABS_CORE	ABS_2026_04_25
600234	200234	1118	DEPOSIT	INR	2022-08-14		BLOCKED	36419	ABS_CORE	ABS_2026_04_25
600235	200235	1799	DEPOSIT	INR	2023-11-29		ACTIVE	166425	ABS_CORE	ABS_2026_04_25
600236	200236	1228	DEPOSIT	INR	2024-03-13		ACTIVE	140928	ABS_CORE	ABS_2026_04_25
600237	200237	1629	BUSINESS	INR	2021-09-26		ACTIVE	24476	ABS_CORE	ABS_2026_04_25
600238	200238	1687	BUSINESS	INR	2022-06-23		ACTIVE	80579	ABS_CORE	ABS_2026_04_25
600239	200239	1963	SAVINGS	INR	2020-01-22		ACTIVE	36730	ABS_CORE	ABS_2026_04_25
600240	200240	1184	BUSINESS	INR	2021-12-05		ACTIVE	129956	ABS_CORE	ABS_2026_04_25
600241	200241	1829	CREDIT_CARD	INR	2024-03-27		ACTIVE	77787	ABS_CORE	ABS_2026_04_25
600242	200242	1849	CURRENT	INR	2023-05-07		ACTIVE	50432	ABS_CORE	ABS_2026_04_25
600243	200243	1214	DEPOSIT	INR	2022-04-23		ACTIVE	188416	ABS_CORE	ABS_2026_04_25
600244	200244	1732	CREDIT_CARD	INR	2024-02-18		ACTIVE	21764	ABS_CORE	ABS_2026_04_25
600245	200245	1129	CURRENT	INR	2022-05-14		ACTIVE	161750	ABS_CORE	ABS_2026_04_25
600246	200246	1844	BUSINESS	INR	2024-07-11		ACTIVE	71470	ABS_CORE	ABS_2026_04_25
600247	200247	1271	CURRENT	INR	2022-04-25		ACTIVE	76915	ABS_CORE	ABS_2026_04_25
600248	200248	1757	CREDIT_CARD	INR	2020-08-14		ACTIVE	164251	ABS_CORE	ABS_2026_04_25
600249	200249	1634	CURRENT	INR	2022-10-04		ACTIVE	141239	ABS_CORE	ABS_2026_04_25
600250	200250	1007	CURRENT	INR	2020-02-15	2020-12-29	CLOSED	188484	ABS_CORE	ABS_2026_04_25
600251	200251	1402	SAVINGS	INR	2022-06-16		ACTIVE	130388	ABS_CORE	ABS_2026_04_25
600252	200252	1927	BUSINESS	INR	2021-03-20		ACTIVE	131651	ABS_CORE	ABS_2026_04_25
600253	200253	1578	CREDIT_CARD	INR	2022-01-30		ACTIVE	22030	ABS_CORE	ABS_2026_04_25
600254	200254	1626	CURRENT	INR	2024-09-23		ACTIVE	19713	ABS_CORE	ABS_2026_04_25
600255	200255	1368	CREDIT_CARD	INR	2023-01-17		ACTIVE	66556	ABS_CORE	ABS_2026_04_25
600256	200256	1799	CREDIT_CARD	INR	2024-07-31		ACTIVE	188349	ABS_CORE	ABS_2026_04_25
600257	200257	1616	CREDIT_CARD	INR	2021-05-24		ACTIVE	194362	ABS_CORE	ABS_2026_04_25
600258	200258	1980	CURRENT	INR	2020-03-09		ACTIVE	137613	ABS_CORE	ABS_2026_04_25
600259	200259	1536	CURRENT	INR	2023-09-25		ACTIVE	82817	ABS_CORE	ABS_2026_04_25
600260	200260	1052	CURRENT	INR	2021-10-23		ACTIVE	145069	ABS_CORE	ABS_2026_04_25
600261	200261	1246	SAVINGS	INR	2022-12-02		ACTIVE	53094	ABS_CORE	ABS_2026_04_25
600262	200262	1336	SAVINGS	INR	2022-01-08		ACTIVE	30603	ABS_CORE	ABS_2026_04_25
600263	200263	1280	CREDIT_CARD	INR	2021-04-28		ACTIVE	73377	ABS_CORE	ABS_2026_04_25
600264	200264	1032	SAVINGS	INR	2023-04-12		ACTIVE	12008	ABS_CORE	ABS_2026_04_25
600265	200265	1798	CREDIT_CARD	INR	2023-04-05		ACTIVE	24456	ABS_CORE	ABS_2026_04_25
600266	200266	1547	CURRENT	INR	2021-05-24		ACTIVE	89715	ABS_CORE	ABS_2026_04_25
600267	200267	1342	SAVINGS	INR	2024-04-04		ACTIVE	184848	ABS_CORE	ABS_2026_04_25
600268	200268	1890	SAVINGS	INR	2023-01-03		ACTIVE	147368	ABS_CORE	ABS_2026_04_25
600269	200269	1238	BUSINESS	INR	2024-06-02		ACTIVE	51584	ABS_CORE	ABS_2026_04_25
600270	200270	1491	CREDIT_CARD	INR	2020-02-13		ACTIVE	11351	ABS_CORE	ABS_2026_04_25
600271	200271	1728	CREDIT_CARD	INR	2022-09-20		ACTIVE	129474	ABS_CORE	ABS_2026_04_25
600272	200272	1176	DEPOSIT	INR	2021-01-23		ACTIVE	192994	ABS_CORE	ABS_2026_04_25
600273	200273	1043	BUSINESS	INR	2022-08-17		ACTIVE	146364	ABS_CORE	ABS_2026_04_25
600274	200274	1303	SAVINGS	INR	2020-11-24		ACTIVE	70035	ABS_CORE	ABS_2026_04_25
600275	200275	1669	BUSINESS	INR	2023-01-14		ACTIVE	133633	ABS_CORE	ABS_2026_04_25
600276	200276	1268	CURRENT	INR	2022-02-15		ACTIVE	96440	ABS_CORE	ABS_2026_04_25
600277	200277	1682	DEPOSIT	INR	2024-05-08		ACTIVE	173566	ABS_CORE	ABS_2026_04_25
600278	200278	1732	CREDIT_CARD	INR	2023-01-08		ACTIVE	145563	ABS_CORE	ABS_2026_04_25
600279	200279	1399	DEPOSIT	INR	2020-11-11		ACTIVE	85416	ABS_CORE	ABS_2026_04_25
600280	200280	1741	SAVINGS	INR	2020-08-14		ACTIVE	35019	ABS_CORE	ABS_2026_04_25
600281	200281	1602	SAVINGS	INR	2020-12-31		ACTIVE	26887	ABS_CORE	ABS_2026_04_25
600282	200282	1921	DEPOSIT	INR	2020-03-06		ACTIVE	129426	ABS_CORE	ABS_2026_04_25
600283	200283	1970	DEPOSIT	INR	2022-12-12		ACTIVE	97037	ABS_CORE	ABS_2026_04_25
600284	200284	1430	DEPOSIT	INR	2021-03-28		ACTIVE	55719	ABS_CORE	ABS_2026_04_25
600285	200285	1420	CREDIT_CARD	INR	2023-09-04		BLOCKED	123698	ABS_CORE	ABS_2026_04_25
600286	200286	1130	SAVINGS	INR	2024-06-28		ACTIVE	110039	ABS_CORE	ABS_2026_04_25
600287	200287	1409	BUSINESS	INR	2024-08-10		ACTIVE	162725	ABS_CORE	ABS_2026_04_25
600288	200288	1737	DEPOSIT	INR	2021-06-28		ACTIVE	80666	ABS_CORE	ABS_2026_04_25
600289	200289	1224	CURRENT	INR	2020-06-08	2020-10-15	CLOSED	61559	ABS_CORE	ABS_2026_04_25
600290	200290	1142	CREDIT_CARD	INR	2022-12-24		ACTIVE	66211	ABS_CORE	ABS_2026_04_25
600291	200291	1577	CURRENT	INR	2023-03-13		ACTIVE	196587	ABS_CORE	ABS_2026_04_25
600292	200292	1539	DEPOSIT	INR	2020-08-04		ACTIVE	175389	ABS_CORE	ABS_2026_04_25
600293	200293	1124	SAVINGS	INR	2022-05-24		ACTIVE	106265	ABS_CORE	ABS_2026_04_25
600294	200294	1211	BUSINESS	INR	2022-10-30		ACTIVE	158264	ABS_CORE	ABS_2026_04_25
600295	200295	1933	BUSINESS	INR	2022-06-26		BLOCKED	86106	ABS_CORE	ABS_2026_04_25
600296	200296	1427	BUSINESS	INR	2024-09-26		ACTIVE	191281	ABS_CORE	ABS_2026_04_25
600297	200297	1436	DEPOSIT	INR	2021-10-24		ACTIVE	99320	ABS_CORE	ABS_2026_04_25
600298	200298	1591	DEPOSIT	INR	2024-04-17		BLOCKED	119594	ABS_CORE	ABS_2026_04_25
600299	200299	1237	CREDIT_CARD	INR	2022-07-05		ACTIVE	75575	ABS_CORE	ABS_2026_04_25
600300	200300	1643	SAVINGS	EUR	2023-05-05		ACTIVE	80125	ABS_CORE	ABS_2026_04_25
600301	200301	1327	BUSINESS	INR	2020-01-14	2020-09-19	CLOSED	6688	ABS_CORE	ABS_2026_04_25
600302	200302	1811	BUSINESS	INR	2024-04-29		BLOCKED	150597	ABS_CORE	ABS_2026_04_25
600303	200303	1118	CURRENT	INR	2023-03-16		ACTIVE	41922	ABS_CORE	ABS_2026_04_25
600304	200304	1045	BUSINESS	INR	2020-10-10		ACTIVE	62078	ABS_CORE	ABS_2026_04_25
600305	200305	1083	BUSINESS	INR	2021-06-08		ACTIVE	57999	ABS_CORE	ABS_2026_04_25
600306	200306	1793	SAVINGS	INR	2024-02-12		ACTIVE	46325	ABS_CORE	ABS_2026_04_25
600307	200307	1351	DEPOSIT	INR	2022-09-26		ACTIVE	169363	ABS_CORE	ABS_2026_04_25
600308	200308	1012	SAVINGS	INR	2021-09-07		ACTIVE	21572	ABS_CORE	ABS_2026_04_25
600309	200309	1636	SAVINGS	INR	2024-05-16		BLOCKED	114850	ABS_CORE	ABS_2026_04_25
600310	200310	1836	SAVINGS	INR	2022-05-03		ACTIVE	172122	ABS_CORE	ABS_2026_04_25
600311	200311	1171	DEPOSIT	INR	2024-10-05		BLOCKED	166725	ABS_CORE	ABS_2026_04_25
600312	200312	1233	SAVINGS	INR	2022-02-22		ACTIVE	142539	ABS_CORE	ABS_2026_04_25
600313	200313	1180	CURRENT	INR	2023-03-02		ACTIVE	41159	ABS_CORE	ABS_2026_04_25
600314	200314	1050	CREDIT_CARD	INR	2020-04-13	2022-06-22	CLOSED	133311	ABS_CORE	ABS_2026_04_25
600315	200315	1780	CURRENT	INR	2020-07-03		ACTIVE	39800	ABS_CORE	ABS_2026_04_25
600316	200316	1680	BUSINESS	INR	2020-09-27		ACTIVE	13926	ABS_CORE	ABS_2026_04_25
600317	200317	1394	CREDIT_CARD	INR	2023-01-27		ACTIVE	114899	ABS_CORE	ABS_2026_04_25
600318	200318	1932	CURRENT	INR	2024-05-03		ACTIVE	52932	ABS_CORE	ABS_2026_04_25
600319	200319	1827	CREDIT_CARD	INR	2022-09-26		ACTIVE	162479	ABS_CORE	ABS_2026_04_25
600320	200320	1799	DEPOSIT	INR	2024-02-15		ACTIVE	113739	ABS_CORE	ABS_2026_04_25
600321	200321	1428	DEPOSIT	INR	2021-10-24		ACTIVE	112028	ABS_CORE	ABS_2026_04_25
600322	200322	1273	BUSINESS	INR	2022-01-18		ACTIVE	172811	ABS_CORE	ABS_2026_04_25
600323	200323	1860	BUSINESS	INR	2020-02-19		ACTIVE	116922	ABS_CORE	ABS_2026_04_25
600324	200324	1206	CURRENT	USD	2023-06-30		ACTIVE	62207	ABS_CORE	ABS_2026_04_25
600325	200325	1147	BUSINESS	INR	2021-02-12		ACTIVE	23495	ABS_CORE	ABS_2026_04_25
600326	200326	1299	SAVINGS	INR	2020-08-18		ACTIVE	39712	ABS_CORE	ABS_2026_04_25
600327	200327	1931	BUSINESS	INR	2024-11-14		ACTIVE	30170	ABS_CORE	ABS_2026_04_25
600328	200328	1452	CREDIT_CARD	INR	2021-09-16		ACTIVE	194989	ABS_CORE	ABS_2026_04_25
600329	200329	1999	CURRENT	INR	2023-01-06		ACTIVE	68805	ABS_CORE	ABS_2026_04_25
600330	200330	1548	CREDIT_CARD	EUR	2023-01-28		ACTIVE	183208	ABS_CORE	ABS_2026_04_25
600331	200331	1672	SAVINGS	USD	2023-12-02		ACTIVE	139097	ABS_CORE	ABS_2026_04_25
600332	200332	1977	BUSINESS	INR	2020-03-30		ACTIVE	183590	ABS_CORE	ABS_2026_04_25
600333	200333	1382	BUSINESS	INR	2023-06-19		ACTIVE	3184	ABS_CORE	ABS_2026_04_25
600334	200334	1786	CREDIT_CARD	INR	2020-05-16		ACTIVE	174041	ABS_CORE	ABS_2026_04_25
600335	200335	1946	SAVINGS	INR	2022-01-07		ACTIVE	171239	ABS_CORE	ABS_2026_04_25
600336	200336	1799	CURRENT	EUR	2022-03-02	2023-09-03	CLOSED	27110	ABS_CORE	ABS_2026_04_25
600337	200337	1617	CREDIT_CARD	INR	2021-10-08		ACTIVE	49868	ABS_CORE	ABS_2026_04_25
600338	200338	1533	DEPOSIT	USD	2021-02-11	2022-10-08	CLOSED	6633	ABS_CORE	ABS_2026_04_25
600339	200339	1232	CURRENT	INR	2020-03-22		BLOCKED	129432	ABS_CORE	ABS_2026_04_25
600340	200340	1633	CURRENT	INR	2022-03-16		ACTIVE	94160	ABS_CORE	ABS_2026_04_25
600341	200341	1128	BUSINESS	EUR	2023-07-04		ACTIVE	132400	ABS_CORE	ABS_2026_04_25
600342	200342	1821	SAVINGS	INR	2021-07-18		ACTIVE	8724	ABS_CORE	ABS_2026_04_25
600343	200343	1728	BUSINESS	INR	2023-02-10		ACTIVE	103982	ABS_CORE	ABS_2026_04_25
600344	200344	1659	CURRENT	INR	2023-09-07		ACTIVE	178732	ABS_CORE	ABS_2026_04_25
600345	200345	1569	CURRENT	INR	2023-06-08		ACTIVE	112795	ABS_CORE	ABS_2026_04_25
600346	200346	1930	DEPOSIT	INR	2021-10-01		ACTIVE	55200	ABS_CORE	ABS_2026_04_25
600347	200347	1236	CURRENT	INR	2023-08-29		ACTIVE	54034	ABS_CORE	ABS_2026_04_25
600348	200348	1581	CURRENT	INR	2024-11-01		ACTIVE	138312	ABS_CORE	ABS_2026_04_25
600349	200349	1965	CREDIT_CARD	INR	2020-10-03	2022-12-30	CLOSED	149070	ABS_CORE	ABS_2026_04_25
600350	200350	1700	BUSINESS	INR	2020-11-19		ACTIVE	189597	ABS_CORE	ABS_2026_04_25
600351	200351	1753	CURRENT	INR	2020-08-30		ACTIVE	191599	ABS_CORE	ABS_2026_04_25
600352	200352	1574	BUSINESS	INR	2020-03-01		ACTIVE	108807	ABS_CORE	ABS_2026_04_25
600353	200353	1484	CREDIT_CARD	INR	2021-09-13		ACTIVE	167945	ABS_CORE	ABS_2026_04_25
600354	200354	1240	BUSINESS	INR	2024-02-21		ACTIVE	35483	ABS_CORE	ABS_2026_04_25
600355	200355	1956	SAVINGS	INR	2021-01-13		ACTIVE	70956	ABS_CORE	ABS_2026_04_25
600356	200356	1696	DEPOSIT	INR	2023-05-25		ACTIVE	61532	ABS_CORE	ABS_2026_04_25
600357	200357	1770	SAVINGS	INR	2023-11-08		ACTIVE	125938	ABS_CORE	ABS_2026_04_25
600358	200358	1740	DEPOSIT	INR	2020-10-01		ACTIVE	171280	ABS_CORE	ABS_2026_04_25
600359	200359	1222	CURRENT	INR	2022-02-04		ACTIVE	37048	ABS_CORE	ABS_2026_04_25
600360	200360	1098	CURRENT	INR	2020-12-01		ACTIVE	4935	ABS_CORE	ABS_2026_04_25
600361	200361	1758	CREDIT_CARD	INR	2021-07-06		ACTIVE	54171	ABS_CORE	ABS_2026_04_25
600362	200362	1556	CURRENT	USD	2024-03-31		ACTIVE	116155	ABS_CORE	ABS_2026_04_25
600363	200363	1910	DEPOSIT	INR	2024-11-10		ACTIVE	120942	ABS_CORE	ABS_2026_04_25
600364	200364	1272	CURRENT	INR	2024-12-22		ACTIVE	160365	ABS_CORE	ABS_2026_04_25
600365	200365	1398	CREDIT_CARD	INR	2024-02-14		ACTIVE	195633	ABS_CORE	ABS_2026_04_25
600366	200366	1516	DEPOSIT	INR	2023-03-17		ACTIVE	185578	ABS_CORE	ABS_2026_04_25
600367	200367	1981	SAVINGS	INR	2024-05-30		ACTIVE	12119	ABS_CORE	ABS_2026_04_25
600368	200368	1429	CURRENT	INR	2024-12-02		ACTIVE	193720	ABS_CORE	ABS_2026_04_25
600369	200369	1522	DEPOSIT	INR	2020-03-21		ACTIVE	13922	ABS_CORE	ABS_2026_04_25
600370	200370	1959	BUSINESS	INR	2021-01-23		ACTIVE	75950	ABS_CORE	ABS_2026_04_25
600371	200371	1347	CURRENT	INR	2022-08-02		ACTIVE	15299	ABS_CORE	ABS_2026_04_25
600372	200372	1909	DEPOSIT	INR	2023-11-14		BLOCKED	170371	ABS_CORE	ABS_2026_04_25
600373	200373	1550	SAVINGS	INR	2022-07-14		ACTIVE	154471	ABS_CORE	ABS_2026_04_25
600374	200374	1450	DEPOSIT	INR	2025-01-05		ACTIVE	119197	ABS_CORE	ABS_2026_04_25
600375	200375	1950	CURRENT	INR	2020-02-21		ACTIVE	53935	ABS_CORE	ABS_2026_04_25
600376	200376	1041	CREDIT_CARD	INR	2024-12-12		ACTIVE	171020	ABS_CORE	ABS_2026_04_25
600377	200377	1714	CURRENT	INR	2023-12-28		ACTIVE	30927	ABS_CORE	ABS_2026_04_25
600378	200378	1093	CREDIT_CARD	INR	2023-12-17		ACTIVE	186408	ABS_CORE	ABS_2026_04_25
600379	200379	1485	DEPOSIT	INR	2022-02-25		ACTIVE	145269	ABS_CORE	ABS_2026_04_25
600380	200380	1516	SAVINGS	USD	2022-02-18		ACTIVE	149240	ABS_CORE	ABS_2026_04_25
600381	200381	1563	CURRENT	INR	2024-11-19		ACTIVE	187658	ABS_CORE	ABS_2026_04_25
600382	200382	1149	CREDIT_CARD	INR	2020-04-15		ACTIVE	117983	ABS_CORE	ABS_2026_04_25
600383	200383	1716	CURRENT	INR	2021-08-14		ACTIVE	54176	ABS_CORE	ABS_2026_04_25
600384	200384	1811	DEPOSIT	INR	2020-01-08		ACTIVE	131450	ABS_CORE	ABS_2026_04_25
600385	200385	1498	CREDIT_CARD	INR	2024-10-17		ACTIVE	130359	ABS_CORE	ABS_2026_04_25
600386	200386	1370	CURRENT	INR	2021-05-02		ACTIVE	108518	ABS_CORE	ABS_2026_04_25
600387	200387	1980	SAVINGS	INR	2022-06-23		ACTIVE	144482	ABS_CORE	ABS_2026_04_25
600388	200388	1698	DEPOSIT	INR	2021-07-23		ACTIVE	55430	ABS_CORE	ABS_2026_04_25
600389	200389	1484	CURRENT	INR	2020-04-10		ACTIVE	10626	ABS_CORE	ABS_2026_04_25
600390	200390	1664	SAVINGS	INR	2020-10-24		ACTIVE	79234	ABS_CORE	ABS_2026_04_25
600391	200391	1382	SAVINGS	INR	2021-11-09		ACTIVE	47726	ABS_CORE	ABS_2026_04_25
600392	200392	1627	BUSINESS	INR	2020-11-26		ACTIVE	156967	ABS_CORE	ABS_2026_04_25
600393	200393	1660	DEPOSIT	INR	2023-03-18		ACTIVE	152772	ABS_CORE	ABS_2026_04_25
600394	200394	1731	SAVINGS	INR	2022-01-07		ACTIVE	97618	ABS_CORE	ABS_2026_04_25
600395	200395	1191	CREDIT_CARD	INR	2025-01-12		ACTIVE	145302	ABS_CORE	ABS_2026_04_25
600396	200396	1744	BUSINESS	INR	2020-05-12		ACTIVE	72937	ABS_CORE	ABS_2026_04_25
600397	200397	1835	DEPOSIT	INR	2021-11-05		ACTIVE	55801	ABS_CORE	ABS_2026_04_25
600398	200398	1220	SAVINGS	INR	2023-06-07		ACTIVE	165882	ABS_CORE	ABS_2026_04_25
600399	200399	1046	SAVINGS	INR	2022-12-19		ACTIVE	186284	ABS_CORE	ABS_2026_04_25
600400	200400	1126	CREDIT_CARD	INR	2021-08-11		ACTIVE	138728	ABS_CORE	ABS_2026_04_25
600401	200401	1802	DEPOSIT	INR	2023-03-23		ACTIVE	148491	ABS_CORE	ABS_2026_04_25
600402	200402	1726	DEPOSIT	INR	2022-10-13		ACTIVE	48161	ABS_CORE	ABS_2026_04_25
600403	200403	1006	DEPOSIT	INR	2024-12-14		ACTIVE	51739	ABS_CORE	ABS_2026_04_25
600404	200404	1695	SAVINGS	INR	2020-01-04		ACTIVE	31913	ABS_CORE	ABS_2026_04_25
600405	200405	1115	CURRENT	EUR	2024-02-19		ACTIVE	109538	ABS_CORE	ABS_2026_04_25
600406	200406	1563	BUSINESS	INR	2020-04-03		ACTIVE	56663	ABS_CORE	ABS_2026_04_25
600407	200407	1365	CURRENT	INR	2020-01-24		ACTIVE	18782	ABS_CORE	ABS_2026_04_25
600408	200408	1045	BUSINESS	INR	2021-09-22		ACTIVE	2607	ABS_CORE	ABS_2026_04_25
600409	200409	1392	BUSINESS	INR	2020-08-21		ACTIVE	162478	ABS_CORE	ABS_2026_04_25
600410	200410	1953	CURRENT	INR	2020-02-29		ACTIVE	177284	ABS_CORE	ABS_2026_04_25
600411	200411	1022	CREDIT_CARD	INR	2022-09-08		ACTIVE	127221	ABS_CORE	ABS_2026_04_25
600412	200412	1130	CREDIT_CARD	INR	2020-11-14		ACTIVE	88846	ABS_CORE	ABS_2026_04_25
600413	200413	1126	CREDIT_CARD	INR	2022-08-05		BLOCKED	137596	ABS_CORE	ABS_2026_04_25
600414	200414	1444	DEPOSIT	INR	2021-09-05		ACTIVE	141479	ABS_CORE	ABS_2026_04_25
600415	200415	1776	CURRENT	INR	2020-02-08		ACTIVE	93692	ABS_CORE	ABS_2026_04_25
600416	200416	1308	CURRENT	INR	2020-05-15		ACTIVE	99367	ABS_CORE	ABS_2026_04_25
600417	200417	1707	DEPOSIT	INR	2023-07-07		ACTIVE	103122	ABS_CORE	ABS_2026_04_25
600418	200418	1432	DEPOSIT	INR	2021-01-18		ACTIVE	81814	ABS_CORE	ABS_2026_04_25
600419	200419	1472	BUSINESS	INR	2023-12-15		ACTIVE	23753	ABS_CORE	ABS_2026_04_25
600420	200420	1965	CURRENT	INR	2022-10-14		ACTIVE	80332	ABS_CORE	ABS_2026_04_25
600421	200421	1047	DEPOSIT	INR	2021-03-18		ACTIVE	10802	ABS_CORE	ABS_2026_04_25
600422	200422	1890	CURRENT	INR	2024-05-11		BLOCKED	7536	ABS_CORE	ABS_2026_04_25
600423	200423	1081	CREDIT_CARD	INR	2024-06-24		BLOCKED	90159	ABS_CORE	ABS_2026_04_25
600424	200424	1108	DEPOSIT	INR	2022-09-17		ACTIVE	26756	ABS_CORE	ABS_2026_04_25
600425	200425	1262	DEPOSIT	INR	2024-08-10		ACTIVE	190941	ABS_CORE	ABS_2026_04_25
600426	200426	1866	CREDIT_CARD	INR	2020-03-15		ACTIVE	31365	ABS_CORE	ABS_2026_04_25
600427	200427	1030	BUSINESS	INR	2020-01-09		BLOCKED	156788	ABS_CORE	ABS_2026_04_25
600428	200428	1357	SAVINGS	INR	2024-11-20		ACTIVE	28027	ABS_CORE	ABS_2026_04_25
600429	200429	1567	BUSINESS	INR	2022-12-02		ACTIVE	168470	ABS_CORE	ABS_2026_04_25
600430	200430	1479	CURRENT	INR	2025-01-01		ACTIVE	73522	ABS_CORE	ABS_2026_04_25
600431	200431	1866	BUSINESS	INR	2022-12-26		ACTIVE	72474	ABS_CORE	ABS_2026_04_25
600432	200432	1188	CURRENT	INR	2020-11-01		ACTIVE	164301	ABS_CORE	ABS_2026_04_25
600433	200433	1987	DEPOSIT	INR	2023-02-20		ACTIVE	145012	ABS_CORE	ABS_2026_04_25
600434	200434	1004	BUSINESS	INR	2021-10-14		ACTIVE	75256	ABS_CORE	ABS_2026_04_25
600435	200435	1285	CURRENT	INR	2023-03-21		ACTIVE	89798	ABS_CORE	ABS_2026_04_25
600436	200436	1789	CREDIT_CARD	INR	2023-01-12		ACTIVE	178077	ABS_CORE	ABS_2026_04_25
600437	200437	1656	SAVINGS	INR	2020-04-13		ACTIVE	103738	ABS_CORE	ABS_2026_04_25
600438	200438	1393	DEPOSIT	INR	2021-01-01		ACTIVE	181912	ABS_CORE	ABS_2026_04_25
600439	200439	1454	CREDIT_CARD	INR	2023-12-03		ACTIVE	52943	ABS_CORE	ABS_2026_04_25
600440	200440	1707	DEPOSIT	USD	2023-12-31		ACTIVE	123079	ABS_CORE	ABS_2026_04_25
600441	200441	1425	CURRENT	INR	2023-03-08		ACTIVE	184133	ABS_CORE	ABS_2026_04_25
600442	200442	1026	SAVINGS	INR	2022-08-17		ACTIVE	187178	ABS_CORE	ABS_2026_04_25
600443	200443	1126	CREDIT_CARD	USD	2024-04-18		ACTIVE	38675	ABS_CORE	ABS_2026_04_25
600444	200444	1134	DEPOSIT	INR	2024-10-29		ACTIVE	49064	ABS_CORE	ABS_2026_04_25
600445	200445	1534	BUSINESS	INR	2023-12-03		ACTIVE	119825	ABS_CORE	ABS_2026_04_25
600446	200446	1330	SAVINGS	INR	2022-09-25		ACTIVE	126475	ABS_CORE	ABS_2026_04_25
600447	200447	1628	CURRENT	INR	2022-08-02		ACTIVE	151648	ABS_CORE	ABS_2026_04_25
600448	200448	1391	DEPOSIT	INR	2020-09-17		ACTIVE	29044	ABS_CORE	ABS_2026_04_25
600449	200449	1007	DEPOSIT	INR	2021-10-29		ACTIVE	140656	ABS_CORE	ABS_2026_04_25
600450	200450	1612	CREDIT_CARD	INR	2022-08-02		ACTIVE	64882	ABS_CORE	ABS_2026_04_25
600451	200451	1260	CURRENT	INR	2023-01-27	2024-03-25	CLOSED	55588	ABS_CORE	ABS_2026_04_25
600452	200452	1198	DEPOSIT	EUR	2024-07-24		ACTIVE	149691	ABS_CORE	ABS_2026_04_25
600453	200453	1597	BUSINESS	INR	2024-05-31		ACTIVE	174699	ABS_CORE	ABS_2026_04_25
600454	200454	1739	SAVINGS	INR	2023-10-03		ACTIVE	128567	ABS_CORE	ABS_2026_04_25
600455	200455	1385	DEPOSIT	INR	2020-08-22		ACTIVE	26599	ABS_CORE	ABS_2026_04_25
600456	200456	1471	CREDIT_CARD	EUR	2024-08-10		ACTIVE	19247	ABS_CORE	ABS_2026_04_25
600457	200457	1178	SAVINGS	INR	2023-05-10		ACTIVE	100329	ABS_CORE	ABS_2026_04_25
600458	200458	1449	CREDIT_CARD	INR	2021-11-01		ACTIVE	58045	ABS_CORE	ABS_2026_04_25
600459	200459	1239	CURRENT	USD	2024-07-31		ACTIVE	167758	ABS_CORE	ABS_2026_04_25
600460	200460	1523	SAVINGS	INR	2024-07-16		ACTIVE	119744	ABS_CORE	ABS_2026_04_25
600461	200461	1814	BUSINESS	INR	2022-12-24		ACTIVE	52292	ABS_CORE	ABS_2026_04_25
600462	200462	1745	BUSINESS	INR	2021-02-25		ACTIVE	179142	ABS_CORE	ABS_2026_04_25
600463	200463	1182	CREDIT_CARD	USD	2021-09-15		ACTIVE	24406	ABS_CORE	ABS_2026_04_25
600464	200464	1793	SAVINGS	INR	2023-04-08		ACTIVE	34437	ABS_CORE	ABS_2026_04_25
600465	200465	1357	BUSINESS	USD	2024-10-11		ACTIVE	14927	ABS_CORE	ABS_2026_04_25
600466	200466	1375	DEPOSIT	INR	2020-01-02		ACTIVE	74979	ABS_CORE	ABS_2026_04_25
600467	200467	1940	SAVINGS	INR	2024-11-07		ACTIVE	104355	ABS_CORE	ABS_2026_04_25
600468	200468	1701	BUSINESS	INR	2023-07-04		ACTIVE	115082	ABS_CORE	ABS_2026_04_25
600469	200469	1837	CURRENT	INR	2023-01-21		ACTIVE	50342	ABS_CORE	ABS_2026_04_25
600470	200470	1726	CREDIT_CARD	INR	2023-02-11		ACTIVE	110375	ABS_CORE	ABS_2026_04_25
600471	200471	1769	BUSINESS	INR	2020-11-11	2022-10-28	CLOSED	4041	ABS_CORE	ABS_2026_04_25
600472	200472	1537	SAVINGS	INR	2020-05-26		ACTIVE	173471	ABS_CORE	ABS_2026_04_25
600473	200473	1781	CURRENT	INR	2022-06-13		ACTIVE	110014	ABS_CORE	ABS_2026_04_25
600474	200474	1081	CREDIT_CARD	INR	2024-10-27		ACTIVE	112595	ABS_CORE	ABS_2026_04_25
600475	200475	1357	CURRENT	INR	2023-06-30		ACTIVE	118976	ABS_CORE	ABS_2026_04_25
600476	200476	1184	BUSINESS	INR	2022-02-26		ACTIVE	2947	ABS_CORE	ABS_2026_04_25
600477	200477	1287	CREDIT_CARD	INR	2023-03-29		ACTIVE	132525	ABS_CORE	ABS_2026_04_25
600478	200478	1061	CREDIT_CARD	INR	2021-07-05		BLOCKED	9771	ABS_CORE	ABS_2026_04_25
600479	200479	1882	DEPOSIT	INR	2020-03-18		ACTIVE	153113	ABS_CORE	ABS_2026_04_25
600480	200480	1506	SAVINGS	INR	2022-09-13		ACTIVE	197760	ABS_CORE	ABS_2026_04_25
600481	200481	1461	BUSINESS	INR	2024-05-14		ACTIVE	160926	ABS_CORE	ABS_2026_04_25
600482	200482	1029	CURRENT	INR	2020-06-30		ACTIVE	176300	ABS_CORE	ABS_2026_04_25
600483	200483	1908	DEPOSIT	INR	2020-06-08		ACTIVE	14834	ABS_CORE	ABS_2026_04_25
600484	200484	1935	BUSINESS	INR	2025-01-24		ACTIVE	120022	ABS_CORE	ABS_2026_04_25
600485	200485	1030	CREDIT_CARD	INR	2022-11-15		ACTIVE	93514	ABS_CORE	ABS_2026_04_25
600486	200486	1292	BUSINESS	INR	2024-06-22		ACTIVE	157666	ABS_CORE	ABS_2026_04_25
600487	200487	1172	BUSINESS	INR	2024-03-14		ACTIVE	17100	ABS_CORE	ABS_2026_04_25
600488	200488	1613	CREDIT_CARD	INR	2023-07-12		ACTIVE	173050	ABS_CORE	ABS_2026_04_25
600489	200489	1127	DEPOSIT	INR	2021-08-20		ACTIVE	34245	ABS_CORE	ABS_2026_04_25
600490	200490	1085	SAVINGS	INR	2022-11-01		ACTIVE	35744	ABS_CORE	ABS_2026_04_25
600491	200491	1314	BUSINESS	INR	2023-06-15		ACTIVE	195361	ABS_CORE	ABS_2026_04_25
600492	200492	1027	DEPOSIT	INR	2020-08-16		ACTIVE	40619	ABS_CORE	ABS_2026_04_25
600493	200493	1121	CREDIT_CARD	INR	2023-09-11		ACTIVE	184703	ABS_CORE	ABS_2026_04_25
600494	200494	1250	CREDIT_CARD	INR	2021-04-28		ACTIVE	9674	ABS_CORE	ABS_2026_04_25
600495	200495	1572	SAVINGS	USD	2021-12-03	2023-09-03	CLOSED	41409	ABS_CORE	ABS_2026_04_25
600496	200496	1402	CREDIT_CARD	INR	2024-09-11		ACTIVE	101444	ABS_CORE	ABS_2026_04_25
600497	200497	1682	CREDIT_CARD	INR	2021-05-02		ACTIVE	152455	ABS_CORE	ABS_2026_04_25
600498	200498	1442	BUSINESS	INR	2024-02-12		ACTIVE	31407	ABS_CORE	ABS_2026_04_25
600499	200499	1271	CURRENT	INR	2020-04-17		ACTIVE	125850	ABS_CORE	ABS_2026_04_25
600500	200500	1836	DEPOSIT	INR	2024-03-08		ACTIVE	103254	ABS_CORE	ABS_2026_04_25
600501	200501	1811	BUSINESS	INR	2022-08-29		ACTIVE	4109	ABS_CORE	ABS_2026_04_25
600502	200502	1112	CREDIT_CARD	INR	2021-08-14		ACTIVE	140002	ABS_CORE	ABS_2026_04_25
600503	200503	1705	SAVINGS	INR	2023-10-30		ACTIVE	93753	ABS_CORE	ABS_2026_04_25
600504	200504	1393	CREDIT_CARD	INR	2024-09-25		ACTIVE	72457	ABS_CORE	ABS_2026_04_25
600505	200505	1942	BUSINESS	INR	2021-11-17		ACTIVE	172532	ABS_CORE	ABS_2026_04_25
600506	200506	1018	CREDIT_CARD	INR	2023-04-11		ACTIVE	64385	ABS_CORE	ABS_2026_04_25
600507	200507	1851	DEPOSIT	INR	2024-02-12		ACTIVE	178659	ABS_CORE	ABS_2026_04_25
600508	200508	1604	CURRENT	INR	2023-11-14		ACTIVE	3221	ABS_CORE	ABS_2026_04_25
600509	200509	1728	SAVINGS	INR	2024-08-30		ACTIVE	28238	ABS_CORE	ABS_2026_04_25
600510	200510	1464	CREDIT_CARD	INR	2023-11-04		ACTIVE	67033	ABS_CORE	ABS_2026_04_25
600511	200511	1690	SAVINGS	INR	2021-01-30		ACTIVE	156749	ABS_CORE	ABS_2026_04_25
600512	200512	1908	CURRENT	INR	2023-09-06	2025-07-20	CLOSED	32451	ABS_CORE	ABS_2026_04_25
600513	200513	1190	DEPOSIT	INR	2020-06-25		ACTIVE	170844	ABS_CORE	ABS_2026_04_25
600514	200514	1492	CURRENT	INR	2023-03-05		ACTIVE	67410	ABS_CORE	ABS_2026_04_25
600515	200515	1911	CREDIT_CARD	INR	2021-08-26		ACTIVE	119867	ABS_CORE	ABS_2026_04_25
600516	200516	1948	CREDIT_CARD	INR	2021-07-20		ACTIVE	85778	ABS_CORE	ABS_2026_04_25
600517	200517	1162	CURRENT	INR	2021-06-11		ACTIVE	17354	ABS_CORE	ABS_2026_04_25
600518	200518	1611	CREDIT_CARD	INR	2022-02-22		ACTIVE	70380	ABS_CORE	ABS_2026_04_25
600519	200519	1698	CREDIT_CARD	EUR	2020-12-30		ACTIVE	53604	ABS_CORE	ABS_2026_04_25
600520	200520	1294	CREDIT_CARD	INR	2023-06-03		ACTIVE	38715	ABS_CORE	ABS_2026_04_25
600521	200521	1578	CREDIT_CARD	INR	2023-01-12		ACTIVE	116757	ABS_CORE	ABS_2026_04_25
600522	200522	1072	BUSINESS	INR	2024-01-05		ACTIVE	150774	ABS_CORE	ABS_2026_04_25
600523	200523	1743	BUSINESS	INR	2024-01-30		ACTIVE	131469	ABS_CORE	ABS_2026_04_25
600524	200524	1700	SAVINGS	INR	2020-10-31		BLOCKED	70844	ABS_CORE	ABS_2026_04_25
600525	200525	1561	BUSINESS	INR	2020-11-06		BLOCKED	136104	ABS_CORE	ABS_2026_04_25
600526	200526	1308	CREDIT_CARD	INR	2023-12-20		ACTIVE	191779	ABS_CORE	ABS_2026_04_25
600527	200527	1301	SAVINGS	INR	2024-05-18		ACTIVE	181685	ABS_CORE	ABS_2026_04_25
600528	200528	1307	CREDIT_CARD	INR	2024-08-02		ACTIVE	95088	ABS_CORE	ABS_2026_04_25
600529	200529	1123	BUSINESS	INR	2021-11-13		ACTIVE	170626	ABS_CORE	ABS_2026_04_25
600530	200530	1668	BUSINESS	EUR	2020-07-04		ACTIVE	22091	ABS_CORE	ABS_2026_04_25
600531	200531	1260	CREDIT_CARD	INR	2024-09-18		ACTIVE	54246	ABS_CORE	ABS_2026_04_25
600532	200532	1194	DEPOSIT	INR	2020-12-27		ACTIVE	51070	ABS_CORE	ABS_2026_04_25
600533	200533	1841	CREDIT_CARD	INR	2021-09-04		ACTIVE	95178	ABS_CORE	ABS_2026_04_25
600534	200534	1350	SAVINGS	INR	2022-09-23		ACTIVE	50666	ABS_CORE	ABS_2026_04_25
600535	200535	1842	SAVINGS	INR	2020-10-13		ACTIVE	156437	ABS_CORE	ABS_2026_04_25
600536	200536	1767	CREDIT_CARD	INR	2021-05-03		ACTIVE	169665	ABS_CORE	ABS_2026_04_25
600537	200537	1976	CREDIT_CARD	INR	2021-09-22		ACTIVE	118783	ABS_CORE	ABS_2026_04_25
600538	200538	1935	SAVINGS	INR	2020-02-03		ACTIVE	190008	ABS_CORE	ABS_2026_04_25
600539	200539	1488	CREDIT_CARD	INR	2020-03-28		ACTIVE	175932	ABS_CORE	ABS_2026_04_25
600540	200540	1199	CREDIT_CARD	INR	2022-12-07		BLOCKED	141656	ABS_CORE	ABS_2026_04_25
600541	200541	1883	DEPOSIT	INR	2020-11-01		ACTIVE	193796	ABS_CORE	ABS_2026_04_25
600542	200542	1507	CREDIT_CARD	INR	2020-10-16		ACTIVE	163102	ABS_CORE	ABS_2026_04_25
600543	200543	1897	CURRENT	INR	2020-04-03		ACTIVE	46154	ABS_CORE	ABS_2026_04_25
600544	200544	1579	SAVINGS	INR	2023-07-19		BLOCKED	26504	ABS_CORE	ABS_2026_04_25
600545	200545	1445	DEPOSIT	INR	2022-07-23		ACTIVE	28874	ABS_CORE	ABS_2026_04_25
600546	200546	1079	CREDIT_CARD	INR	2020-08-21		ACTIVE	17543	ABS_CORE	ABS_2026_04_25
600547	200547	1744	CURRENT	INR	2024-07-05		ACTIVE	194443	ABS_CORE	ABS_2026_04_25
600548	200548	1697	CREDIT_CARD	EUR	2023-10-21		ACTIVE	151986	ABS_CORE	ABS_2026_04_25
600549	200549	1616	CURRENT	EUR	2023-01-22		ACTIVE	56897	ABS_CORE	ABS_2026_04_25
600550	200550	1468	SAVINGS	INR	2024-04-14		ACTIVE	32652	ABS_CORE	ABS_2026_04_25
600551	200551	1836	CURRENT	INR	2021-07-14		ACTIVE	97974	ABS_CORE	ABS_2026_04_25
600552	200552	1441	CURRENT	USD	2023-02-07		ACTIVE	11668	ABS_CORE	ABS_2026_04_25
600553	200553	1930	SAVINGS	INR	2020-09-30		ACTIVE	99600	ABS_CORE	ABS_2026_04_25
600554	200554	1653	CURRENT	INR	2024-05-11		ACTIVE	2664	ABS_CORE	ABS_2026_04_25
600555	200555	1910	CURRENT	INR	2020-01-15		BLOCKED	156642	ABS_CORE	ABS_2026_04_25
600556	200556	1901	BUSINESS	INR	2024-12-21		ACTIVE	125783	ABS_CORE	ABS_2026_04_25
600557	200557	1271	CURRENT	INR	2023-11-18		ACTIVE	138124	ABS_CORE	ABS_2026_04_25
600558	200558	1342	CREDIT_CARD	INR	2022-07-11		ACTIVE	182318	ABS_CORE	ABS_2026_04_25
600559	200559	1123	DEPOSIT	INR	2020-03-18		ACTIVE	24074	ABS_CORE	ABS_2026_04_25
600560	200560	1222	BUSINESS	INR	2023-07-08		ACTIVE	62771	ABS_CORE	ABS_2026_04_25
600561	200561	1489	SAVINGS	INR	2021-01-28	2021-06-04	CLOSED	142485	ABS_CORE	ABS_2026_04_25
600562	200562	1685	CURRENT	INR	2022-11-05		ACTIVE	55554	ABS_CORE	ABS_2026_04_25
600563	200563	1702	SAVINGS	INR	2021-07-20		ACTIVE	180632	ABS_CORE	ABS_2026_04_25
600564	200564	1651	CREDIT_CARD	INR	2024-09-24		ACTIVE	12302	ABS_CORE	ABS_2026_04_25
600565	200565	1296	BUSINESS	INR	2020-04-20		ACTIVE	88633	ABS_CORE	ABS_2026_04_25
600566	200566	1118	CREDIT_CARD	INR	2023-06-17		ACTIVE	141865	ABS_CORE	ABS_2026_04_25
600567	200567	1786	CURRENT	INR	2020-12-26		ACTIVE	31425	ABS_CORE	ABS_2026_04_25
600568	200568	1075	CURRENT	INR	2020-05-25		ACTIVE	86451	ABS_CORE	ABS_2026_04_25
600569	200569	1620	CURRENT	INR	2022-05-08		ACTIVE	61309	ABS_CORE	ABS_2026_04_25
600570	200570	1630	SAVINGS	INR	2024-05-14		ACTIVE	194396	ABS_CORE	ABS_2026_04_25
600571	200571	1972	CURRENT	INR	2022-04-24		ACTIVE	124467	ABS_CORE	ABS_2026_04_25
600572	200572	1880	CREDIT_CARD	INR	2023-04-13		ACTIVE	57666	ABS_CORE	ABS_2026_04_25
600573	200573	1257	CREDIT_CARD	INR	2023-06-02		ACTIVE	120993	ABS_CORE	ABS_2026_04_25
600574	200574	1531	CURRENT	EUR	2024-01-14		ACTIVE	54008	ABS_CORE	ABS_2026_04_25
600575	200575	1630	CURRENT	INR	2021-11-18		ACTIVE	74558	ABS_CORE	ABS_2026_04_25
600576	200576	1350	SAVINGS	INR	2020-10-06		ACTIVE	45879	ABS_CORE	ABS_2026_04_25
600577	200577	1648	BUSINESS	INR	2024-04-06		ACTIVE	42101	ABS_CORE	ABS_2026_04_25
600578	200578	1276	DEPOSIT	INR	2024-06-04		BLOCKED	145901	ABS_CORE	ABS_2026_04_25
600579	200579	1254	CURRENT	INR	2024-10-17		ACTIVE	129244	ABS_CORE	ABS_2026_04_25
600580	200580	1263	CURRENT	INR	2024-10-31		ACTIVE	74182	ABS_CORE	ABS_2026_04_25
600581	200581	1678	CREDIT_CARD	INR	2020-01-30		ACTIVE	86798	ABS_CORE	ABS_2026_04_25
600582	200582	1676	DEPOSIT	USD	2022-06-08		ACTIVE	40051	ABS_CORE	ABS_2026_04_25
600583	200583	1028	SAVINGS	INR	2023-03-20		ACTIVE	124378	ABS_CORE	ABS_2026_04_25
600584	200584	1466	DEPOSIT	INR	2024-02-11		ACTIVE	126637	ABS_CORE	ABS_2026_04_25
600585	200585	1034	SAVINGS	INR	2024-07-16		ACTIVE	147404	ABS_CORE	ABS_2026_04_25
600586	200586	1748	SAVINGS	INR	2024-03-22		ACTIVE	58149	ABS_CORE	ABS_2026_04_25
600587	200587	1293	BUSINESS	INR	2020-09-28		ACTIVE	24784	ABS_CORE	ABS_2026_04_25
600588	200588	1601	CREDIT_CARD	INR	2020-02-02		ACTIVE	121398	ABS_CORE	ABS_2026_04_25
600589	200589	1202	DEPOSIT	INR	2024-10-23		ACTIVE	120233	ABS_CORE	ABS_2026_04_25
600590	200590	1739	CURRENT	INR	2022-08-07		ACTIVE	98103	ABS_CORE	ABS_2026_04_25
600591	200591	1930	CREDIT_CARD	INR	2023-07-07		ACTIVE	165444	ABS_CORE	ABS_2026_04_25
600592	200592	1067	CREDIT_CARD	INR	2020-05-24		ACTIVE	9575	ABS_CORE	ABS_2026_04_25
600593	200593	1130	CREDIT_CARD	INR	2021-08-30		ACTIVE	161563	ABS_CORE	ABS_2026_04_25
600594	200594	1876	DEPOSIT	INR	2023-01-15		ACTIVE	22222	ABS_CORE	ABS_2026_04_25
600595	200595	1110	BUSINESS	INR	2023-06-24		ACTIVE	177856	ABS_CORE	ABS_2026_04_25
600596	200596	1523	SAVINGS	INR	2022-01-15		ACTIVE	163302	ABS_CORE	ABS_2026_04_25
600597	200597	1287	BUSINESS	INR	2020-03-24		ACTIVE	185778	ABS_CORE	ABS_2026_04_25
600598	200598	1686	DEPOSIT	INR	2020-05-17		ACTIVE	88799	ABS_CORE	ABS_2026_04_25
600599	200599	1830	DEPOSIT	INR	2021-05-03		ACTIVE	198204	ABS_CORE	ABS_2026_04_25
600600	200600	1665	CURRENT	INR	2023-04-03		ACTIVE	85007	ABS_CORE	ABS_2026_04_25
600601	200601	1042	BUSINESS	INR	2021-12-23		ACTIVE	15276	ABS_CORE	ABS_2026_04_25
600602	200602	1874	BUSINESS	INR	2020-05-09		ACTIVE	139066	ABS_CORE	ABS_2026_04_25
600603	200603	1716	SAVINGS	INR	2024-08-25		ACTIVE	140684	ABS_CORE	ABS_2026_04_25
600604	200604	1683	BUSINESS	INR	2025-01-16		ACTIVE	177503	ABS_CORE	ABS_2026_04_25
600605	200605	1293	SAVINGS	INR	2023-11-20		ACTIVE	23887	ABS_CORE	ABS_2026_04_25
600606	200606	1284	CREDIT_CARD	INR	2020-06-13		ACTIVE	21171	ABS_CORE	ABS_2026_04_25
600607	200607	1822	CURRENT	INR	2020-08-11		ACTIVE	131109	ABS_CORE	ABS_2026_04_25
600608	200608	1563	CURRENT	INR	2020-11-04		ACTIVE	77852	ABS_CORE	ABS_2026_04_25
600609	200609	1626	DEPOSIT	INR	2022-05-03		BLOCKED	111134	ABS_CORE	ABS_2026_04_25
600610	200610	1018	SAVINGS	INR	2022-06-28		ACTIVE	61903	ABS_CORE	ABS_2026_04_25
600611	200611	1506	DEPOSIT	INR	2024-09-05		ACTIVE	90860	ABS_CORE	ABS_2026_04_25
600612	200612	1546	BUSINESS	INR	2023-09-04		ACTIVE	139979	ABS_CORE	ABS_2026_04_25
600613	200613	1047	DEPOSIT	INR	2024-09-20		ACTIVE	35591	ABS_CORE	ABS_2026_04_25
600614	200614	1744	BUSINESS	INR	2025-01-13		ACTIVE	127941	ABS_CORE	ABS_2026_04_25
600615	200615	1218	BUSINESS	INR	2022-01-31		ACTIVE	93568	ABS_CORE	ABS_2026_04_25
600616	200616	1621	CREDIT_CARD	USD	2021-08-05	2023-05-30	CLOSED	187597	ABS_CORE	ABS_2026_04_25
600617	200617	1765	BUSINESS	INR	2023-01-01		ACTIVE	186627	ABS_CORE	ABS_2026_04_25
600618	200618	1187	CURRENT	INR	2023-11-19		ACTIVE	84001	ABS_CORE	ABS_2026_04_25
600619	200619	1030	CURRENT	INR	2023-03-22		ACTIVE	54780	ABS_CORE	ABS_2026_04_25
600620	200620	1258	SAVINGS	EUR	2023-02-25		ACTIVE	39782	ABS_CORE	ABS_2026_04_25
600621	200621	1674	CREDIT_CARD	INR	2022-02-02		ACTIVE	80052	ABS_CORE	ABS_2026_04_25
600622	200622	1343	SAVINGS	INR	2020-09-05		ACTIVE	39111	ABS_CORE	ABS_2026_04_25
600623	200623	1307	BUSINESS	EUR	2022-07-27		ACTIVE	144168	ABS_CORE	ABS_2026_04_25
600624	200624	1070	BUSINESS	INR	2022-11-05		ACTIVE	76976	ABS_CORE	ABS_2026_04_25
600625	200625	1306	DEPOSIT	INR	2024-03-24		ACTIVE	191983	ABS_CORE	ABS_2026_04_25
600626	200626	1567	BUSINESS	INR	2022-06-24		ACTIVE	11506	ABS_CORE	ABS_2026_04_25
600627	200627	1098	DEPOSIT	INR	2020-10-12		ACTIVE	162879	ABS_CORE	ABS_2026_04_25
600628	200628	1020	CURRENT	INR	2024-09-18		ACTIVE	15426	ABS_CORE	ABS_2026_04_25
600629	200629	1896	CURRENT	INR	2023-05-30		ACTIVE	73856	ABS_CORE	ABS_2026_04_25
600630	200630	1619	SAVINGS	INR	2021-02-04		ACTIVE	178488	ABS_CORE	ABS_2026_04_25
600631	200631	1564	SAVINGS	INR	2023-10-07	2024-12-13	CLOSED	84298	ABS_CORE	ABS_2026_04_25
600632	200632	1005	DEPOSIT	INR	2023-05-20		ACTIVE	175788	ABS_CORE	ABS_2026_04_25
600633	200633	1230	CREDIT_CARD	INR	2022-01-09		ACTIVE	97896	ABS_CORE	ABS_2026_04_25
600634	200634	1993	BUSINESS	INR	2022-03-01		ACTIVE	81762	ABS_CORE	ABS_2026_04_25
600635	200635	1081	DEPOSIT	INR	2022-07-01		ACTIVE	117449	ABS_CORE	ABS_2026_04_25
600636	200636	1957	CREDIT_CARD	INR	2024-02-27		ACTIVE	191841	ABS_CORE	ABS_2026_04_25
600637	200637	1216	CREDIT_CARD	INR	2025-01-12		ACTIVE	154925	ABS_CORE	ABS_2026_04_25
600638	200638	1334	SAVINGS	INR	2023-05-09		ACTIVE	138704	ABS_CORE	ABS_2026_04_25
600639	200639	1558	SAVINGS	INR	2021-11-17		BLOCKED	99506	ABS_CORE	ABS_2026_04_25
600640	200640	1863	SAVINGS	USD	2020-06-30		ACTIVE	109662	ABS_CORE	ABS_2026_04_25
600641	200641	1873	DEPOSIT	INR	2020-12-24		ACTIVE	36894	ABS_CORE	ABS_2026_04_25
600642	200642	1752	CURRENT	INR	2021-02-12		ACTIVE	129604	ABS_CORE	ABS_2026_04_25
600643	200643	1689	BUSINESS	INR	2020-03-27		ACTIVE	147612	ABS_CORE	ABS_2026_04_25
600644	200644	1593	CREDIT_CARD	INR	2024-02-24		ACTIVE	41376	ABS_CORE	ABS_2026_04_25
600645	200645	1798	BUSINESS	INR	2021-06-21	2023-11-22	CLOSED	33552	ABS_CORE	ABS_2026_04_25
600646	200646	1703	BUSINESS	INR	2023-09-01		ACTIVE	181313	ABS_CORE	ABS_2026_04_25
600647	200647	1924	CURRENT	INR	2023-08-13		ACTIVE	130250	ABS_CORE	ABS_2026_04_25
600648	200648	1654	DEPOSIT	INR	2020-05-16		ACTIVE	149261	ABS_CORE	ABS_2026_04_25
600649	200649	1825	BUSINESS	INR	2022-06-12		ACTIVE	182992	ABS_CORE	ABS_2026_04_25
600650	200650	1790	SAVINGS	INR	2024-08-02		ACTIVE	5599	ABS_CORE	ABS_2026_04_25
600651	200651	1933	BUSINESS	INR	2024-09-27		ACTIVE	84802	ABS_CORE	ABS_2026_04_25
600652	200652	1552	CURRENT	INR	2022-08-02		ACTIVE	95676	ABS_CORE	ABS_2026_04_25
600653	200653	1458	BUSINESS	INR	2022-05-09		ACTIVE	168495	ABS_CORE	ABS_2026_04_25
600654	200654	1782	DEPOSIT	INR	2020-06-06		ACTIVE	25774	ABS_CORE	ABS_2026_04_25
600655	200655	1086	CURRENT	INR	2023-05-11		ACTIVE	180560	ABS_CORE	ABS_2026_04_25
600656	200656	1514	BUSINESS	INR	2024-06-26		ACTIVE	96033	ABS_CORE	ABS_2026_04_25
600657	200657	1722	DEPOSIT	INR	2020-07-15		ACTIVE	4381	ABS_CORE	ABS_2026_04_25
600658	200658	1512	DEPOSIT	INR	2020-10-07		ACTIVE	109001	ABS_CORE	ABS_2026_04_25
600659	200659	1983	CURRENT	INR	2021-11-27		ACTIVE	58963	ABS_CORE	ABS_2026_04_25
600660	200660	1586	CURRENT	INR	2024-08-30		ACTIVE	181788	ABS_CORE	ABS_2026_04_25
600661	200661	1477	DEPOSIT	INR	2024-08-29		ACTIVE	185094	ABS_CORE	ABS_2026_04_25
600662	200662	1497	SAVINGS	USD	2024-03-28		ACTIVE	31556	ABS_CORE	ABS_2026_04_25
600663	200663	1906	CURRENT	INR	2024-08-03		BLOCKED	82677	ABS_CORE	ABS_2026_04_25
600664	200664	1955	BUSINESS	INR	2023-11-16		ACTIVE	157670	ABS_CORE	ABS_2026_04_25
600665	200665	1742	BUSINESS	INR	2022-12-07		ACTIVE	196155	ABS_CORE	ABS_2026_04_25
600666	200666	1448	SAVINGS	INR	2024-07-26		ACTIVE	38318	ABS_CORE	ABS_2026_04_25
600667	200667	1587	CURRENT	INR	2023-11-10		ACTIVE	21605	ABS_CORE	ABS_2026_04_25
600668	200668	1259	SAVINGS	INR	2022-05-20		ACTIVE	199530	ABS_CORE	ABS_2026_04_25
600669	200669	1536	SAVINGS	INR	2022-06-02		ACTIVE	173959	ABS_CORE	ABS_2026_04_25
600670	200670	1199	DEPOSIT	INR	2022-11-17		ACTIVE	67325	ABS_CORE	ABS_2026_04_25
600671	200671	1462	SAVINGS	INR	2020-03-29		ACTIVE	26297	ABS_CORE	ABS_2026_04_25
600672	200672	1938	SAVINGS	INR	2024-05-21		BLOCKED	53435	ABS_CORE	ABS_2026_04_25
600673	200673	1093	BUSINESS	INR	2021-01-13		ACTIVE	196611	ABS_CORE	ABS_2026_04_25
600674	200674	1935	DEPOSIT	INR	2021-07-22		ACTIVE	132238	ABS_CORE	ABS_2026_04_25
600675	200675	1351	DEPOSIT	INR	2024-05-18		ACTIVE	26979	ABS_CORE	ABS_2026_04_25
600676	200676	1107	DEPOSIT	INR	2024-08-05		ACTIVE	188645	ABS_CORE	ABS_2026_04_25
600677	200677	1354	BUSINESS	INR	2021-01-27		ACTIVE	2134	ABS_CORE	ABS_2026_04_25
600678	200678	1468	SAVINGS	USD	2024-01-25		BLOCKED	186534	ABS_CORE	ABS_2026_04_25
600679	200679	1094	BUSINESS	INR	2022-08-30		ACTIVE	177560	ABS_CORE	ABS_2026_04_25
600680	200680	1867	CURRENT	EUR	2020-08-07		ACTIVE	112173	ABS_CORE	ABS_2026_04_25
600681	200681	1090	DEPOSIT	INR	2021-03-14		ACTIVE	83386	ABS_CORE	ABS_2026_04_25
600682	200682	1043	CREDIT_CARD	INR	2020-09-10		ACTIVE	95699	ABS_CORE	ABS_2026_04_25
600683	200683	1455	BUSINESS	INR	2023-12-14		ACTIVE	87013	ABS_CORE	ABS_2026_04_25
600684	200684	1954	SAVINGS	INR	2022-10-08		ACTIVE	193983	ABS_CORE	ABS_2026_04_25
600685	200685	1383	CREDIT_CARD	INR	2021-09-30		ACTIVE	113187	ABS_CORE	ABS_2026_04_25
600686	200686	1022	SAVINGS	INR	2021-01-21		ACTIVE	179030	ABS_CORE	ABS_2026_04_25
600687	200687	1701	CURRENT	INR	2022-01-22		ACTIVE	177185	ABS_CORE	ABS_2026_04_25
600688	200688	1022	CREDIT_CARD	INR	2020-08-03		ACTIVE	23283	ABS_CORE	ABS_2026_04_25
600689	200689	1233	CURRENT	INR	2020-09-01		ACTIVE	27665	ABS_CORE	ABS_2026_04_25
600690	200690	1697	CURRENT	EUR	2024-02-27		ACTIVE	89770	ABS_CORE	ABS_2026_04_25
600691	200691	1310	DEPOSIT	INR	2021-02-14		ACTIVE	62045	ABS_CORE	ABS_2026_04_25
600692	200692	1416	CREDIT_CARD	INR	2024-09-12		ACTIVE	188038	ABS_CORE	ABS_2026_04_25
600693	200693	1332	DEPOSIT	INR	2024-04-17		ACTIVE	169776	ABS_CORE	ABS_2026_04_25
600694	200694	1574	BUSINESS	INR	2022-03-30		ACTIVE	107022	ABS_CORE	ABS_2026_04_25
600695	200695	1102	DEPOSIT	INR	2022-09-19		ACTIVE	29321	ABS_CORE	ABS_2026_04_25
600696	200696	1499	BUSINESS	INR	2020-09-07		ACTIVE	36286	ABS_CORE	ABS_2026_04_25
600697	200697	1827	SAVINGS	INR	2020-03-01		ACTIVE	131583	ABS_CORE	ABS_2026_04_25
600698	200698	1482	SAVINGS	INR	2023-10-20	2024-12-14	CLOSED	86709	ABS_CORE	ABS_2026_04_25
600699	200699	1188	BUSINESS	INR	2020-11-08		ACTIVE	21058	ABS_CORE	ABS_2026_04_25
600700	200700	1847	DEPOSIT	INR	2023-09-15		ACTIVE	53935	ABS_CORE	ABS_2026_04_25
600701	200701	1459	CREDIT_CARD	INR	2021-08-24		ACTIVE	91076	ABS_CORE	ABS_2026_04_25
600702	200702	1188	DEPOSIT	EUR	2024-07-15		ACTIVE	9283	ABS_CORE	ABS_2026_04_25
600703	200703	1350	SAVINGS	INR	2022-05-31		ACTIVE	99654	ABS_CORE	ABS_2026_04_25
600704	200704	1580	CREDIT_CARD	INR	2022-06-25		ACTIVE	173860	ABS_CORE	ABS_2026_04_25
600705	200705	1113	BUSINESS	INR	2024-10-28		ACTIVE	113900	ABS_CORE	ABS_2026_04_25
600706	200706	1103	BUSINESS	INR	2020-10-02		ACTIVE	29673	ABS_CORE	ABS_2026_04_25
600707	200707	1619	CREDIT_CARD	INR	2023-03-11		ACTIVE	151001	ABS_CORE	ABS_2026_04_25
600708	200708	1507	CREDIT_CARD	INR	2022-08-20		ACTIVE	15611	ABS_CORE	ABS_2026_04_25
600709	200709	1344	BUSINESS	EUR	2022-03-12		ACTIVE	162727	ABS_CORE	ABS_2026_04_25
600710	200710	1020	BUSINESS	INR	2023-10-17		ACTIVE	17101	ABS_CORE	ABS_2026_04_25
600711	200711	1386	DEPOSIT	INR	2020-02-27		ACTIVE	92455	ABS_CORE	ABS_2026_04_25
600712	200712	1943	DEPOSIT	INR	2024-07-15		ACTIVE	90458	ABS_CORE	ABS_2026_04_25
600713	200713	1777	SAVINGS	EUR	2022-02-18		ACTIVE	108984	ABS_CORE	ABS_2026_04_25
600714	200714	1854	SAVINGS	INR	2021-12-20		ACTIVE	170891	ABS_CORE	ABS_2026_04_25
600715	200715	1208	DEPOSIT	INR	2021-10-01		ACTIVE	80930	ABS_CORE	ABS_2026_04_25
600716	200716	1681	BUSINESS	INR	2020-08-22		ACTIVE	10798	ABS_CORE	ABS_2026_04_25
600717	200717	1482	CREDIT_CARD	USD	2022-08-01		ACTIVE	70892	ABS_CORE	ABS_2026_04_25
600718	200718	1472	CREDIT_CARD	EUR	2020-02-11		ACTIVE	100021	ABS_CORE	ABS_2026_04_25
600719	200719	1705	CREDIT_CARD	INR	2023-03-14		ACTIVE	129020	ABS_CORE	ABS_2026_04_25
600720	200720	1858	CURRENT	INR	2020-07-23		ACTIVE	175951	ABS_CORE	ABS_2026_04_25
600721	200721	1941	CURRENT	INR	2021-11-26		ACTIVE	115292	ABS_CORE	ABS_2026_04_25
600722	200722	1392	CREDIT_CARD	EUR	2021-02-17		ACTIVE	20744	ABS_CORE	ABS_2026_04_25
600723	200723	1634	DEPOSIT	INR	2024-09-17		ACTIVE	78940	ABS_CORE	ABS_2026_04_25
600724	200724	1688	CREDIT_CARD	INR	2023-03-20		ACTIVE	25106	ABS_CORE	ABS_2026_04_25
600725	200725	1515	DEPOSIT	INR	2024-01-09		ACTIVE	18634	ABS_CORE	ABS_2026_04_25
600726	200726	1187	DEPOSIT	INR	2023-03-06		ACTIVE	21096	ABS_CORE	ABS_2026_04_25
600727	200727	1345	BUSINESS	INR	2023-08-27		ACTIVE	174921	ABS_CORE	ABS_2026_04_25
600728	200728	1351	BUSINESS	INR	2023-01-10		ACTIVE	164830	ABS_CORE	ABS_2026_04_25
600729	200729	1540	CREDIT_CARD	INR	2022-11-21		ACTIVE	5876	ABS_CORE	ABS_2026_04_25
600730	200730	1597	DEPOSIT	INR	2023-07-09		ACTIVE	56824	ABS_CORE	ABS_2026_04_25
600731	200731	1046	CREDIT_CARD	INR	2023-09-15		ACTIVE	162067	ABS_CORE	ABS_2026_04_25
600732	200732	1076	CREDIT_CARD	INR	2024-10-12		BLOCKED	16697	ABS_CORE	ABS_2026_04_25
600733	200733	1342	CURRENT	INR	2022-12-05		ACTIVE	40445	ABS_CORE	ABS_2026_04_25
600734	200734	1190	BUSINESS	INR	2024-03-08		ACTIVE	17889	ABS_CORE	ABS_2026_04_25
600735	200735	1542	CURRENT	INR	2023-07-22		ACTIVE	76247	ABS_CORE	ABS_2026_04_25
600736	200736	1818	CURRENT	INR	2023-08-16		ACTIVE	107395	ABS_CORE	ABS_2026_04_25
600737	200737	1680	SAVINGS	INR	2021-05-03		ACTIVE	82406	ABS_CORE	ABS_2026_04_25
600738	200738	1035	CREDIT_CARD	INR	2022-08-08		ACTIVE	170586	ABS_CORE	ABS_2026_04_25
600739	200739	1756	CURRENT	INR	2020-03-16		ACTIVE	68737	ABS_CORE	ABS_2026_04_25
600740	200740	1423	BUSINESS	INR	2024-06-05		ACTIVE	12070	ABS_CORE	ABS_2026_04_25
600741	200741	1350	CREDIT_CARD	INR	2024-01-19		ACTIVE	23001	ABS_CORE	ABS_2026_04_25
600742	200742	1187	DEPOSIT	INR	2021-10-04		ACTIVE	107694	ABS_CORE	ABS_2026_04_25
600743	200743	1526	BUSINESS	INR	2025-01-10		ACTIVE	105043	ABS_CORE	ABS_2026_04_25
600744	200744	1333	CURRENT	INR	2024-09-15		ACTIVE	132137	ABS_CORE	ABS_2026_04_25
600745	200745	1482	DEPOSIT	INR	2020-09-04		ACTIVE	138693	ABS_CORE	ABS_2026_04_25
600746	200746	1215	CREDIT_CARD	INR	2021-05-30		ACTIVE	33054	ABS_CORE	ABS_2026_04_25
600747	200747	1157	BUSINESS	INR	2024-05-02		ACTIVE	103223	ABS_CORE	ABS_2026_04_25
600748	200748	1925	CURRENT	INR	2024-07-08		BLOCKED	29000	ABS_CORE	ABS_2026_04_25
600749	200749	1666	CURRENT	INR	2020-12-24	2022-04-18	CLOSED	155528	ABS_CORE	ABS_2026_04_25
600750	200750	1240	CREDIT_CARD	INR	2020-04-24		ACTIVE	30612	ABS_CORE	ABS_2026_04_25
600751	200751	1295	DEPOSIT	INR	2021-10-10		ACTIVE	73806	ABS_CORE	ABS_2026_04_25
600752	200752	1461	CURRENT	INR	2024-12-06		ACTIVE	81785	ABS_CORE	ABS_2026_04_25
600753	200753	1044	DEPOSIT	INR	2020-02-13		ACTIVE	15332	ABS_CORE	ABS_2026_04_25
600754	200754	1494	CURRENT	INR	2023-11-15		ACTIVE	168496	ABS_CORE	ABS_2026_04_25
600755	200755	1970	BUSINESS	INR	2023-12-05		BLOCKED	141223	ABS_CORE	ABS_2026_04_25
600756	200756	1174	CURRENT	INR	2024-11-10		ACTIVE	104016	ABS_CORE	ABS_2026_04_25
600757	200757	1345	BUSINESS	INR	2021-06-07		ACTIVE	62724	ABS_CORE	ABS_2026_04_25
600758	200758	1055	CURRENT	INR	2021-09-01		ACTIVE	116040	ABS_CORE	ABS_2026_04_25
600759	200759	1565	BUSINESS	INR	2023-07-17		ACTIVE	107506	ABS_CORE	ABS_2026_04_25
600760	200760	1340	SAVINGS	INR	2024-06-04		ACTIVE	129894	ABS_CORE	ABS_2026_04_25
600761	200761	1776	CREDIT_CARD	INR	2022-08-22		BLOCKED	111720	ABS_CORE	ABS_2026_04_25
600762	200762	1885	SAVINGS	INR	2024-11-30		ACTIVE	133732	ABS_CORE	ABS_2026_04_25
600763	200763	1750	BUSINESS	INR	2020-05-15		ACTIVE	144583	ABS_CORE	ABS_2026_04_25
600764	200764	1832	BUSINESS	INR	2024-02-19		ACTIVE	14657	ABS_CORE	ABS_2026_04_25
600765	200765	1107	CURRENT	INR	2023-08-06		ACTIVE	36675	ABS_CORE	ABS_2026_04_25
600766	200766	1709	CREDIT_CARD	INR	2020-01-07		ACTIVE	151944	ABS_CORE	ABS_2026_04_25
600767	200767	1896	SAVINGS	INR	2020-06-17		ACTIVE	171178	ABS_CORE	ABS_2026_04_25
600768	200768	1213	CURRENT	INR	2024-04-11		ACTIVE	84728	ABS_CORE	ABS_2026_04_25
600769	200769	1498	CREDIT_CARD	INR	2022-07-13		ACTIVE	46476	ABS_CORE	ABS_2026_04_25
600770	200770	1757	DEPOSIT	INR	2023-11-08		ACTIVE	53078	ABS_CORE	ABS_2026_04_25
600771	200771	1396	CREDIT_CARD	INR	2020-06-21		ACTIVE	99912	ABS_CORE	ABS_2026_04_25
600772	200772	1549	DEPOSIT	USD	2024-09-05		ACTIVE	147415	ABS_CORE	ABS_2026_04_25
600773	200773	1496	DEPOSIT	USD	2023-08-18		ACTIVE	122221	ABS_CORE	ABS_2026_04_25
600774	200774	1172	BUSINESS	INR	2021-02-10		ACTIVE	106128	ABS_CORE	ABS_2026_04_25
600775	200775	1104	CREDIT_CARD	INR	2023-06-19		ACTIVE	97448	ABS_CORE	ABS_2026_04_25
600776	200776	1551	DEPOSIT	INR	2020-12-14		ACTIVE	115074	ABS_CORE	ABS_2026_04_25
600777	200777	1478	CREDIT_CARD	INR	2024-05-02		ACTIVE	59847	ABS_CORE	ABS_2026_04_25
600778	200778	1398	CURRENT	INR	2024-01-01		ACTIVE	70783	ABS_CORE	ABS_2026_04_25
600779	200779	1433	CREDIT_CARD	INR	2021-08-12		ACTIVE	55160	ABS_CORE	ABS_2026_04_25
600780	200780	1641	CURRENT	INR	2023-05-13	2024-03-27	CLOSED	50640	ABS_CORE	ABS_2026_04_25
600781	200781	1692	CURRENT	INR	2022-05-06		ACTIVE	77072	ABS_CORE	ABS_2026_04_25
600782	200782	1990	CURRENT	USD	2021-06-20		ACTIVE	97898	ABS_CORE	ABS_2026_04_25
600783	200783	1921	CREDIT_CARD	INR	2023-04-08		ACTIVE	85736	ABS_CORE	ABS_2026_04_25
600784	200784	1193	CREDIT_CARD	INR	2023-11-20		ACTIVE	186716	ABS_CORE	ABS_2026_04_25
600785	200785	1842	DEPOSIT	INR	2022-05-16		ACTIVE	16401	ABS_CORE	ABS_2026_04_25
600786	200786	1800	BUSINESS	INR	2020-04-16		BLOCKED	93878	ABS_CORE	ABS_2026_04_25
600787	200787	1465	DEPOSIT	INR	2023-05-26		ACTIVE	2405	ABS_CORE	ABS_2026_04_25
600788	200788	1340	DEPOSIT	INR	2021-06-03		ACTIVE	104467	ABS_CORE	ABS_2026_04_25
600789	200789	1058	BUSINESS	INR	2023-10-06		ACTIVE	11780	ABS_CORE	ABS_2026_04_25
600790	200790	1862	CURRENT	INR	2023-04-03		ACTIVE	89913	ABS_CORE	ABS_2026_04_25
600791	200791	1537	CREDIT_CARD	INR	2024-12-02		ACTIVE	140047	ABS_CORE	ABS_2026_04_25
600792	200792	1477	CURRENT	INR	2022-06-05		ACTIVE	34520	ABS_CORE	ABS_2026_04_25
600793	200793	1102	BUSINESS	USD	2022-10-19		ACTIVE	75167	ABS_CORE	ABS_2026_04_25
600794	200794	1532	BUSINESS	INR	2025-01-22		ACTIVE	70142	ABS_CORE	ABS_2026_04_25
600795	200795	1944	BUSINESS	INR	2022-11-24		ACTIVE	194165	ABS_CORE	ABS_2026_04_25
600796	200796	1591	CURRENT	USD	2022-10-03		ACTIVE	167894	ABS_CORE	ABS_2026_04_25
600797	200797	1838	CREDIT_CARD	INR	2024-06-22		ACTIVE	61256	ABS_CORE	ABS_2026_04_25
600798	200798	1981	SAVINGS	INR	2021-01-10		ACTIVE	123456	ABS_CORE	ABS_2026_04_25
600799	200799	1710	SAVINGS	INR	2022-06-12	2023-11-30	CLOSED	94459	ABS_CORE	ABS_2026_04_25
600800	200800	1321	DEPOSIT	INR	2023-12-23		ACTIVE	189681	ABS_CORE	ABS_2026_04_25
600801	200801	1548	CURRENT	INR	2024-11-10		ACTIVE	75479	ABS_CORE	ABS_2026_04_25
600802	200802	1013	CURRENT	INR	2021-01-04		ACTIVE	148651	ABS_CORE	ABS_2026_04_25
600803	200803	1455	DEPOSIT	EUR	2024-12-29		ACTIVE	2081	ABS_CORE	ABS_2026_04_25
600804	200804	1220	DEPOSIT	USD	2022-12-13		ACTIVE	65528	ABS_CORE	ABS_2026_04_25
600805	200805	1875	CREDIT_CARD	INR	2024-04-22		ACTIVE	7805	ABS_CORE	ABS_2026_04_25
600806	200806	1390	SAVINGS	INR	2021-08-05		ACTIVE	28805	ABS_CORE	ABS_2026_04_25
600807	200807	1677	BUSINESS	INR	2024-09-10		ACTIVE	186521	ABS_CORE	ABS_2026_04_25
600808	200808	1172	CREDIT_CARD	EUR	2023-09-12		ACTIVE	156767	ABS_CORE	ABS_2026_04_25
600809	200809	1661	SAVINGS	INR	2023-09-09		ACTIVE	164149	ABS_CORE	ABS_2026_04_25
600810	200810	1683	BUSINESS	EUR	2022-07-16		BLOCKED	150201	ABS_CORE	ABS_2026_04_25
600811	200811	1080	CURRENT	INR	2020-09-21		ACTIVE	75174	ABS_CORE	ABS_2026_04_25
600812	200812	1335	SAVINGS	INR	2021-10-23		ACTIVE	158887	ABS_CORE	ABS_2026_04_25
600813	200813	1224	SAVINGS	INR	2022-02-20		ACTIVE	105573	ABS_CORE	ABS_2026_04_25
600814	200814	1870	SAVINGS	INR	2020-07-01		ACTIVE	106485	ABS_CORE	ABS_2026_04_25
600815	200815	1034	CURRENT	INR	2021-08-06		ACTIVE	114340	ABS_CORE	ABS_2026_04_25
600816	200816	1869	BUSINESS	INR	2024-02-16		BLOCKED	95121	ABS_CORE	ABS_2026_04_25
600817	200817	1187	SAVINGS	INR	2023-09-24		ACTIVE	129351	ABS_CORE	ABS_2026_04_25
600818	200818	1223	CREDIT_CARD	INR	2022-07-01		ACTIVE	111905	ABS_CORE	ABS_2026_04_25
600819	200819	1642	CREDIT_CARD	INR	2020-07-03		ACTIVE	114798	ABS_CORE	ABS_2026_04_25
600820	200820	1885	CREDIT_CARD	INR	2023-07-15		ACTIVE	122510	ABS_CORE	ABS_2026_04_25
600821	200821	1962	CURRENT	INR	2023-10-17		ACTIVE	130845	ABS_CORE	ABS_2026_04_25
600822	200822	1967	DEPOSIT	INR	2022-12-15		ACTIVE	21757	ABS_CORE	ABS_2026_04_25
600823	200823	1493	CREDIT_CARD	EUR	2024-06-29		ACTIVE	180388	ABS_CORE	ABS_2026_04_25
600824	200824	1862	BUSINESS	INR	2025-01-23		ACTIVE	78458	ABS_CORE	ABS_2026_04_25
600825	200825	1310	SAVINGS	USD	2023-03-10		ACTIVE	135588	ABS_CORE	ABS_2026_04_25
600826	200826	1520	DEPOSIT	INR	2020-08-08		ACTIVE	174239	ABS_CORE	ABS_2026_04_25
600827	200827	1580	DEPOSIT	INR	2024-01-15		ACTIVE	154503	ABS_CORE	ABS_2026_04_25
600828	200828	1539	DEPOSIT	INR	2020-06-16		ACTIVE	122340	ABS_CORE	ABS_2026_04_25
600829	200829	1910	CURRENT	INR	2021-01-02		ACTIVE	110117	ABS_CORE	ABS_2026_04_25
600830	200830	1368	BUSINESS	INR	2024-11-30		ACTIVE	199535	ABS_CORE	ABS_2026_04_25
600831	200831	1474	CREDIT_CARD	INR	2023-10-04		ACTIVE	50071	ABS_CORE	ABS_2026_04_25
600832	200832	1745	CURRENT	EUR	2021-03-08		ACTIVE	68978	ABS_CORE	ABS_2026_04_25
600833	200833	1030	SAVINGS	INR	2024-11-20		ACTIVE	104529	ABS_CORE	ABS_2026_04_25
600834	200834	1826	SAVINGS	INR	2020-08-26		ACTIVE	182352	ABS_CORE	ABS_2026_04_25
600835	200835	1231	DEPOSIT	INR	2022-04-09		ACTIVE	162675	ABS_CORE	ABS_2026_04_25
600836	200836	1849	CREDIT_CARD	INR	2022-01-08		ACTIVE	36419	ABS_CORE	ABS_2026_04_25
600837	200837	1997	CURRENT	INR	2020-01-29		ACTIVE	50341	ABS_CORE	ABS_2026_04_25
600838	200838	1496	SAVINGS	INR	2024-10-25		ACTIVE	171325	ABS_CORE	ABS_2026_04_25
600839	200839	1565	CREDIT_CARD	INR	2021-05-10		ACTIVE	142186	ABS_CORE	ABS_2026_04_25
600840	200840	1963	SAVINGS	INR	2021-01-25		ACTIVE	125253	ABS_CORE	ABS_2026_04_25
600841	200841	1980	SAVINGS	USD	2022-05-14		ACTIVE	194667	ABS_CORE	ABS_2026_04_25
600842	200842	1174	CREDIT_CARD	INR	2023-12-09	2025-05-04	CLOSED	118837	ABS_CORE	ABS_2026_04_25
600843	200843	1297	CURRENT	INR	2023-04-13		ACTIVE	103690	ABS_CORE	ABS_2026_04_25
600844	200844	1790	BUSINESS	INR	2020-04-14		ACTIVE	187933	ABS_CORE	ABS_2026_04_25
600845	200845	1364	CREDIT_CARD	INR	2022-06-03		ACTIVE	157195	ABS_CORE	ABS_2026_04_25
600846	200846	1085	DEPOSIT	INR	2024-02-06	2024-04-13	CLOSED	128428	ABS_CORE	ABS_2026_04_25
600847	200847	1576	DEPOSIT	USD	2022-11-17		ACTIVE	128900	ABS_CORE	ABS_2026_04_25
600848	200848	1088	SAVINGS	INR	2021-04-19		ACTIVE	83798	ABS_CORE	ABS_2026_04_25
600849	200849	1053	SAVINGS	INR	2023-02-07		ACTIVE	125082	ABS_CORE	ABS_2026_04_25
600850	200850	1629	CREDIT_CARD	INR	2020-08-27		ACTIVE	118525	ABS_CORE	ABS_2026_04_25
600851	200851	1360	CREDIT_CARD	INR	2023-11-29		ACTIVE	51384	ABS_CORE	ABS_2026_04_25
600852	200852	1475	BUSINESS	INR	2022-08-19		ACTIVE	155051	ABS_CORE	ABS_2026_04_25
600853	200853	1228	BUSINESS	INR	2023-11-03		BLOCKED	188485	ABS_CORE	ABS_2026_04_25
600854	200854	1778	CREDIT_CARD	INR	2023-09-07		ACTIVE	187485	ABS_CORE	ABS_2026_04_25
600855	200855	1830	CREDIT_CARD	INR	2022-03-10		ACTIVE	193566	ABS_CORE	ABS_2026_04_25
600856	200856	1533	CREDIT_CARD	INR	2022-01-07		ACTIVE	164012	ABS_CORE	ABS_2026_04_25
600857	200857	1949	BUSINESS	INR	2021-02-28		ACTIVE	127586	ABS_CORE	ABS_2026_04_25
600858	200858	1758	CURRENT	INR	2020-09-21		ACTIVE	27451	ABS_CORE	ABS_2026_04_25
600859	200859	1984	CREDIT_CARD	INR	2024-06-13		BLOCKED	62530	ABS_CORE	ABS_2026_04_25
600860	200860	1372	DEPOSIT	INR	2021-03-04		ACTIVE	69369	ABS_CORE	ABS_2026_04_25
600861	200861	1468	CURRENT	INR	2022-01-01		ACTIVE	132983	ABS_CORE	ABS_2026_04_25
600862	200862	1419	SAVINGS	INR	2020-03-06		ACTIVE	60425	ABS_CORE	ABS_2026_04_25
600863	200863	1825	DEPOSIT	INR	2020-09-04		ACTIVE	90213	ABS_CORE	ABS_2026_04_25
600864	200864	1531	BUSINESS	INR	2024-05-26		ACTIVE	147020	ABS_CORE	ABS_2026_04_25
600865	200865	1399	CURRENT	INR	2021-07-01		ACTIVE	159410	ABS_CORE	ABS_2026_04_25
600866	200866	1987	SAVINGS	USD	2023-10-03		ACTIVE	115773	ABS_CORE	ABS_2026_04_25
600867	200867	1183	CREDIT_CARD	INR	2024-06-24	2026-09-05	CLOSED	28758	ABS_CORE	ABS_2026_04_25
600868	200868	1860	DEPOSIT	INR	2024-05-19		ACTIVE	27704	ABS_CORE	ABS_2026_04_25
600869	200869	1561	DEPOSIT	INR	2024-08-13		ACTIVE	166131	ABS_CORE	ABS_2026_04_25
600870	200870	1089	CURRENT	INR	2020-08-29		BLOCKED	77578	ABS_CORE	ABS_2026_04_25
600871	200871	1615	CREDIT_CARD	INR	2023-12-21		ACTIVE	27029	ABS_CORE	ABS_2026_04_25
600872	200872	1705	BUSINESS	INR	2020-11-11		ACTIVE	53924	ABS_CORE	ABS_2026_04_25
600873	200873	1382	CREDIT_CARD	INR	2022-06-18		ACTIVE	125168	ABS_CORE	ABS_2026_04_25
600874	200874	1368	BUSINESS	INR	2021-11-30		ACTIVE	98631	ABS_CORE	ABS_2026_04_25
600875	200875	1073	CREDIT_CARD	INR	2024-01-04		ACTIVE	40743	ABS_CORE	ABS_2026_04_25
600876	200876	1268	DEPOSIT	INR	2024-03-22		ACTIVE	113413	ABS_CORE	ABS_2026_04_25
600877	200877	1014	CREDIT_CARD	EUR	2022-04-26		ACTIVE	136307	ABS_CORE	ABS_2026_04_25
600878	200878	1328	BUSINESS	INR	2024-06-15		BLOCKED	3607	ABS_CORE	ABS_2026_04_25
600879	200879	1794	DEPOSIT	INR	2024-01-09		BLOCKED	83524	ABS_CORE	ABS_2026_04_25
600880	200880	1391	CURRENT	INR	2022-04-02		ACTIVE	10723	ABS_CORE	ABS_2026_04_25
600881	200881	1709	CURRENT	INR	2023-09-14		BLOCKED	166572	ABS_CORE	ABS_2026_04_25
600882	200882	1995	DEPOSIT	INR	2023-12-31	2025-04-03	CLOSED	179486	ABS_CORE	ABS_2026_04_25
600883	200883	1433	DEPOSIT	INR	2023-12-06		ACTIVE	83233	ABS_CORE	ABS_2026_04_25
600884	200884	1343	SAVINGS	USD	2021-12-05		ACTIVE	161012	ABS_CORE	ABS_2026_04_25
600885	200885	1194	CREDIT_CARD	INR	2020-10-27		ACTIVE	143717	ABS_CORE	ABS_2026_04_25
600886	200886	1921	DEPOSIT	INR	2023-07-02		ACTIVE	171067	ABS_CORE	ABS_2026_04_25
600887	200887	1035	CURRENT	INR	2022-04-08		ACTIVE	141884	ABS_CORE	ABS_2026_04_25
600888	200888	1916	CREDIT_CARD	INR	2021-11-16		ACTIVE	34031	ABS_CORE	ABS_2026_04_25
600889	200889	1204	DEPOSIT	INR	2022-12-01		ACTIVE	145647	ABS_CORE	ABS_2026_04_25
600890	200890	1819	DEPOSIT	INR	2021-10-01		ACTIVE	7139	ABS_CORE	ABS_2026_04_25
600891	200891	1650	DEPOSIT	INR	2020-02-27		ACTIVE	80676	ABS_CORE	ABS_2026_04_25
600892	200892	1775	CREDIT_CARD	INR	2024-01-27	2024-06-18	CLOSED	98774	ABS_CORE	ABS_2026_04_25
600893	200893	1056	DEPOSIT	INR	2021-06-15		ACTIVE	171645	ABS_CORE	ABS_2026_04_25
600894	200894	1109	CREDIT_CARD	INR	2020-09-12		ACTIVE	119789	ABS_CORE	ABS_2026_04_25
600895	200895	1685	CURRENT	EUR	2021-11-25		ACTIVE	149267	ABS_CORE	ABS_2026_04_25
600896	200896	1495	DEPOSIT	INR	2024-01-03		ACTIVE	79433	ABS_CORE	ABS_2026_04_25
600897	200897	1717	DEPOSIT	INR	2021-08-05		ACTIVE	137227	ABS_CORE	ABS_2026_04_25
600898	200898	1224	CURRENT	INR	2024-02-19		ACTIVE	51477	ABS_CORE	ABS_2026_04_25
600899	200899	1385	BUSINESS	INR	2024-08-12		ACTIVE	112592	ABS_CORE	ABS_2026_04_25
600900	200900	1063	CREDIT_CARD	INR	2024-08-23		ACTIVE	35095	ABS_CORE	ABS_2026_04_25
600901	200901	1763	CURRENT	INR	2022-09-02		ACTIVE	138954	ABS_CORE	ABS_2026_04_25
600902	200902	1947	DEPOSIT	INR	2022-04-04		ACTIVE	70125	ABS_CORE	ABS_2026_04_25
600903	200903	1960	CREDIT_CARD	EUR	2023-04-11		ACTIVE	181621	ABS_CORE	ABS_2026_04_25
600904	200904	1778	CREDIT_CARD	INR	2022-09-29		ACTIVE	34324	ABS_CORE	ABS_2026_04_25
600905	200905	1901	CREDIT_CARD	INR	2022-09-19		ACTIVE	139711	ABS_CORE	ABS_2026_04_25
600906	200906	1351	CURRENT	INR	2020-08-29		ACTIVE	42114	ABS_CORE	ABS_2026_04_25
600907	200907	1462	BUSINESS	INR	2023-02-18		BLOCKED	108117	ABS_CORE	ABS_2026_04_25
600908	200908	1843	SAVINGS	INR	2020-08-13		ACTIVE	138042	ABS_CORE	ABS_2026_04_25
600909	200909	1319	SAVINGS	EUR	2020-11-09		ACTIVE	80497	ABS_CORE	ABS_2026_04_25
600910	200910	1356	CREDIT_CARD	INR	2021-08-25		ACTIVE	155566	ABS_CORE	ABS_2026_04_25
600911	200911	1092	SAVINGS	INR	2022-05-13		BLOCKED	75313	ABS_CORE	ABS_2026_04_25
600912	200912	1694	CURRENT	INR	2021-03-17		ACTIVE	33067	ABS_CORE	ABS_2026_04_25
600913	200913	1299	BUSINESS	INR	2023-01-26		ACTIVE	127137	ABS_CORE	ABS_2026_04_25
600914	200914	1725	BUSINESS	USD	2023-03-19		ACTIVE	99908	ABS_CORE	ABS_2026_04_25
600915	200915	1493	DEPOSIT	INR	2022-08-31		ACTIVE	167844	ABS_CORE	ABS_2026_04_25
600916	200916	1653	CREDIT_CARD	INR	2022-08-01		ACTIVE	191805	ABS_CORE	ABS_2026_04_25
600917	200917	1594	SAVINGS	INR	2021-10-28		ACTIVE	108381	ABS_CORE	ABS_2026_04_25
600918	200918	1388	CURRENT	INR	2022-03-04		BLOCKED	13011	ABS_CORE	ABS_2026_04_25
600919	200919	1610	CREDIT_CARD	INR	2023-10-05		ACTIVE	44414	ABS_CORE	ABS_2026_04_25
600920	200920	1792	SAVINGS	INR	2023-12-19		ACTIVE	186440	ABS_CORE	ABS_2026_04_25
600921	200921	1433	DEPOSIT	INR	2021-09-24		ACTIVE	23322	ABS_CORE	ABS_2026_04_25
600922	200922	1101	DEPOSIT	INR	2021-01-29		ACTIVE	150486	ABS_CORE	ABS_2026_04_25
600923	200923	1840	CURRENT	INR	2022-12-04		ACTIVE	5892	ABS_CORE	ABS_2026_04_25
600924	200924	1377	DEPOSIT	INR	2020-09-03		ACTIVE	54950	ABS_CORE	ABS_2026_04_25
600925	200925	1582	DEPOSIT	INR	2021-05-17		ACTIVE	160083	ABS_CORE	ABS_2026_04_25
600926	200926	1884	CREDIT_CARD	INR	2021-10-18		ACTIVE	7098	ABS_CORE	ABS_2026_04_25
600927	200927	1337	CREDIT_CARD	INR	2021-11-27		ACTIVE	139386	ABS_CORE	ABS_2026_04_25
600928	200928	1897	CREDIT_CARD	INR	2021-10-11		ACTIVE	27039	ABS_CORE	ABS_2026_04_25
600929	200929	1883	CURRENT	INR	2023-01-14		ACTIVE	24495	ABS_CORE	ABS_2026_04_25
600930	200930	1777	BUSINESS	INR	2020-11-11	2022-11-05	CLOSED	162081	ABS_CORE	ABS_2026_04_25
600931	200931	1491	CURRENT	INR	2021-10-28		ACTIVE	103220	ABS_CORE	ABS_2026_04_25
600932	200932	1641	BUSINESS	INR	2020-07-21		ACTIVE	68615	ABS_CORE	ABS_2026_04_25
600933	200933	1059	SAVINGS	INR	2022-02-08		ACTIVE	157501	ABS_CORE	ABS_2026_04_25
600934	200934	1812	CURRENT	INR	2023-04-15		ACTIVE	101938	ABS_CORE	ABS_2026_04_25
600935	200935	1508	BUSINESS	INR	2020-08-23		ACTIVE	107712	ABS_CORE	ABS_2026_04_25
600936	200936	1391	CREDIT_CARD	INR	2020-05-14		ACTIVE	5881	ABS_CORE	ABS_2026_04_25
600937	200937	1953	DEPOSIT	INR	2021-07-05	2023-06-26	CLOSED	146413	ABS_CORE	ABS_2026_04_25
600938	200938	1118	CURRENT	INR	2023-08-27		ACTIVE	22996	ABS_CORE	ABS_2026_04_25
600939	200939	1774	DEPOSIT	EUR	2024-09-29		ACTIVE	98859	ABS_CORE	ABS_2026_04_25
600940	200940	1994	CURRENT	INR	2023-01-11		ACTIVE	112084	ABS_CORE	ABS_2026_04_25
600941	200941	1470	CREDIT_CARD	INR	2023-02-10		ACTIVE	163720	ABS_CORE	ABS_2026_04_25
600942	200942	1327	CURRENT	USD	2021-08-15		ACTIVE	127402	ABS_CORE	ABS_2026_04_25
600943	200943	1020	DEPOSIT	INR	2021-07-13		ACTIVE	93122	ABS_CORE	ABS_2026_04_25
600944	200944	1096	CURRENT	INR	2024-09-21		ACTIVE	12923	ABS_CORE	ABS_2026_04_25
600945	200945	1814	DEPOSIT	INR	2020-11-26		ACTIVE	104626	ABS_CORE	ABS_2026_04_25
600946	200946	1512	SAVINGS	INR	2023-12-01		ACTIVE	74258	ABS_CORE	ABS_2026_04_25
600947	200947	1907	CREDIT_CARD	INR	2024-12-03		ACTIVE	84441	ABS_CORE	ABS_2026_04_25
600948	200948	1714	BUSINESS	EUR	2024-12-15		ACTIVE	186533	ABS_CORE	ABS_2026_04_25
600949	200949	1943	BUSINESS	EUR	2022-07-16		ACTIVE	90556	ABS_CORE	ABS_2026_04_25
600950	200950	1639	CREDIT_CARD	INR	2021-03-07	2022-03-08	CLOSED	182363	ABS_CORE	ABS_2026_04_25
600951	200951	1349	SAVINGS	INR	2020-09-30		ACTIVE	3510	ABS_CORE	ABS_2026_04_25
600952	200952	1131	CURRENT	INR	2023-10-09		ACTIVE	185365	ABS_CORE	ABS_2026_04_25
600953	200953	1545	CREDIT_CARD	INR	2022-09-28		ACTIVE	171156	ABS_CORE	ABS_2026_04_25
600954	200954	1598	SAVINGS	INR	2023-08-26		ACTIVE	177059	ABS_CORE	ABS_2026_04_25
600955	200955	1031	SAVINGS	INR	2022-06-30		ACTIVE	158630	ABS_CORE	ABS_2026_04_25
600956	200956	1258	CREDIT_CARD	INR	2022-01-03		ACTIVE	183722	ABS_CORE	ABS_2026_04_25
600957	200957	1475	SAVINGS	USD	2020-01-18		ACTIVE	117543	ABS_CORE	ABS_2026_04_25
600958	200958	1835	CURRENT	INR	2020-01-20		ACTIVE	179403	ABS_CORE	ABS_2026_04_25
600959	200959	1824	BUSINESS	INR	2023-12-23		ACTIVE	164902	ABS_CORE	ABS_2026_04_25
600960	200960	1881	CURRENT	INR	2021-09-12		ACTIVE	96158	ABS_CORE	ABS_2026_04_25
600961	200961	1971	BUSINESS	INR	2020-03-16		ACTIVE	159866	ABS_CORE	ABS_2026_04_25
600962	200962	1919	SAVINGS	INR	2021-03-04		ACTIVE	104831	ABS_CORE	ABS_2026_04_25
600963	200963	1032	BUSINESS	INR	2020-08-15		ACTIVE	145647	ABS_CORE	ABS_2026_04_25
600964	200964	1898	DEPOSIT	INR	2021-01-31		ACTIVE	47013	ABS_CORE	ABS_2026_04_25
600965	200965	1387	DEPOSIT	INR	2020-05-13		ACTIVE	69058	ABS_CORE	ABS_2026_04_25
600966	200966	1797	CURRENT	INR	2023-03-13		ACTIVE	72913	ABS_CORE	ABS_2026_04_25
600967	200967	1837	SAVINGS	INR	2021-01-27	2023-02-05	CLOSED	162076	ABS_CORE	ABS_2026_04_25
600968	200968	1560	DEPOSIT	INR	2021-06-01		ACTIVE	112965	ABS_CORE	ABS_2026_04_25
600969	200969	1797	SAVINGS	INR	2023-08-05		ACTIVE	107660	ABS_CORE	ABS_2026_04_25
600970	200970	1455	SAVINGS	INR	2021-07-15		ACTIVE	95757	ABS_CORE	ABS_2026_04_25
600971	200971	1593	SAVINGS	INR	2022-11-25		ACTIVE	73858	ABS_CORE	ABS_2026_04_25
600972	200972	1143	DEPOSIT	INR	2022-05-10		ACTIVE	52015	ABS_CORE	ABS_2026_04_25
600973	200973	1948	SAVINGS	INR	2021-11-16		ACTIVE	194316	ABS_CORE	ABS_2026_04_25
600974	200974	1901	CREDIT_CARD	INR	2021-04-07	2022-01-17	CLOSED	87304	ABS_CORE	ABS_2026_04_25
600975	200975	1791	SAVINGS	INR	2021-09-28		ACTIVE	126820	ABS_CORE	ABS_2026_04_25
600976	200976	1882	SAVINGS	INR	2022-06-03		ACTIVE	88635	ABS_CORE	ABS_2026_04_25
600977	200977	1603	BUSINESS	INR	2024-09-17		ACTIVE	90339	ABS_CORE	ABS_2026_04_25
600978	200978	1223	SAVINGS	INR	2024-08-31		ACTIVE	63060	ABS_CORE	ABS_2026_04_25
600979	200979	1216	DEPOSIT	INR	2020-05-29		ACTIVE	164931	ABS_CORE	ABS_2026_04_25
600980	200980	1155	DEPOSIT	EUR	2022-07-03		ACTIVE	9740	ABS_CORE	ABS_2026_04_25
600981	200981	1788	BUSINESS	INR	2022-02-11		ACTIVE	34432	ABS_CORE	ABS_2026_04_25
600982	200982	1519	CREDIT_CARD	INR	2020-05-06		ACTIVE	114204	ABS_CORE	ABS_2026_04_25
600983	200983	1035	SAVINGS	INR	2020-05-14		ACTIVE	78310	ABS_CORE	ABS_2026_04_25
600984	200984	1635	CREDIT_CARD	INR	2024-10-06		ACTIVE	108769	ABS_CORE	ABS_2026_04_25
600985	200985	1008	DEPOSIT	INR	2021-04-22		ACTIVE	119859	ABS_CORE	ABS_2026_04_25
600986	200986	1039	CREDIT_CARD	INR	2022-02-25		ACTIVE	163327	ABS_CORE	ABS_2026_04_25
600987	200987	1468	BUSINESS	INR	2020-07-26		ACTIVE	7808	ABS_CORE	ABS_2026_04_25
600988	200988	1178	DEPOSIT	INR	2022-07-18		ACTIVE	27919	ABS_CORE	ABS_2026_04_25
600989	200989	1640	DEPOSIT	INR	2020-01-26		ACTIVE	51754	ABS_CORE	ABS_2026_04_25
600990	200990	1958	CURRENT	INR	2023-03-19		ACTIVE	111364	ABS_CORE	ABS_2026_04_25
600991	200991	1500	DEPOSIT	INR	2022-09-12		ACTIVE	12552	ABS_CORE	ABS_2026_04_25
600992	200992	1372	CURRENT	INR	2020-05-03		ACTIVE	171840	ABS_CORE	ABS_2026_04_25
600993	200993	1067	BUSINESS	INR	2024-03-24		ACTIVE	39174	ABS_CORE	ABS_2026_04_25
600994	200994	1969	CREDIT_CARD	INR	2020-10-28		ACTIVE	97686	ABS_CORE	ABS_2026_04_25
600995	200995	1665	DEPOSIT	INR	2020-01-17		ACTIVE	16025	ABS_CORE	ABS_2026_04_25
600996	200996	1423	DEPOSIT	INR	2021-05-01		ACTIVE	15314	ABS_CORE	ABS_2026_04_25
600997	200997	1514	BUSINESS	INR	2022-05-14		ACTIVE	53759	ABS_CORE	ABS_2026_04_25
600998	200998	1363	SAVINGS	INR	2024-05-27		ACTIVE	183132	ABS_CORE	ABS_2026_04_25
600999	200999	1889	CREDIT_CARD	INR	2023-11-17		ACTIVE	152626	ABS_CORE	ABS_2026_04_25
601000	201000	1000	SAVINGS	INR	2020-01-01		ACTIVE	8500	ABS_CORE	ABS_2026_04_25
601001	201001	1017	CURRENT	INR	2021-02-02		ACTIVE	9603	ABS_CORE	ABS_2026_04_25
601002	201002	1034	DEPOSIT	INR	2022-03-03		ACTIVE	10706	ABS_CORE	ABS_2026_04_25
601003	201003	1051	BUSINESS	INR	2023-04-04		ACTIVE	11809	ABS_CORE	ABS_2026_04_25
601004	201004	1068	CREDIT_CARD	INR	2024-05-05		ACTIVE	12912	ABS_CORE	ABS_2026_04_25
601005	201005	1085	SAVINGS	INR	2020-06-06		ACTIVE	14015	ABS_CORE	ABS_2026_04_25
601006	201006	1102	CURRENT	INR	2021-07-07		ACTIVE	15118	ABS_CORE	ABS_2026_04_25
601007	201007	1119	DEPOSIT	INR	2022-08-08		ACTIVE	16221	ABS_CORE	ABS_2026_04_25
601008	201008	1136	BUSINESS	INR	2023-09-09		ACTIVE	17324	ABS_CORE	ABS_2026_04_25
601009	201009	1153	CREDIT_CARD	INR	2024-10-10		ACTIVE	18427	ABS_CORE	ABS_2026_04_25
601010	201010	1170	SAVINGS	INR	2020-11-11		ACTIVE	19530	ABS_CORE	ABS_2026_04_25
601011	201011	1187	CURRENT	INR	2021-01-12		ACTIVE	20633	ABS_CORE	ABS_2026_04_25
601012	201012	1204	DEPOSIT	INR	2022-02-13		ACTIVE	21736	ABS_CORE	ABS_2026_04_25
601013	201013	1221	BUSINESS	INR	2023-03-14		ACTIVE	22839	ABS_CORE	ABS_2026_04_25
601014	201014	1238	CREDIT_CARD	INR	2024-04-15		ACTIVE	23942	ABS_CORE	ABS_2026_04_25
601015	201015	1255	SAVINGS	INR	2020-05-16		ACTIVE	25045	ABS_CORE	ABS_2026_04_25
601016	201016	1272	CURRENT	INR	2021-06-17		ACTIVE	26148	ABS_CORE	ABS_2026_04_25
601017	201017	1289	DEPOSIT	INR	2022-07-18		ACTIVE	27251	ABS_CORE	ABS_2026_04_25
601018	201018	1306	BUSINESS	INR	2023-08-19		ACTIVE	28354	ABS_CORE	ABS_2026_04_25
601019	201019	1323	CREDIT_CARD	INR	2024-09-20		ACTIVE	29457	ABS_CORE	ABS_2026_04_25
601020	201020	1340	SAVINGS	INR	2020-10-21		ACTIVE	30560	ABS_CORE	ABS_2026_04_25
601021	201021	1357	CURRENT	INR	2021-11-22		ACTIVE	31663	ABS_CORE	ABS_2026_04_25
601022	201022	1374	DEPOSIT	INR	2022-01-23		ACTIVE	32766	ABS_CORE	ABS_2026_04_25
601023	201023	1391	BUSINESS	INR	2023-02-24		ACTIVE	33869	ABS_CORE	ABS_2026_04_25
601024	201024	1408	CREDIT_CARD	INR	2024-03-25		ACTIVE	34972	ABS_CORE	ABS_2026_04_25
601025	201025	1425	SAVINGS	INR	2020-04-01		ACTIVE	36075	ABS_CORE	ABS_2026_04_25
601026	201026	1442	CURRENT	INR	2021-05-02		ACTIVE	37178	ABS_CORE	ABS_2026_04_25
601027	201027	1459	DEPOSIT	INR	2022-06-03		ACTIVE	38281	ABS_CORE	ABS_2026_04_25
601028	201028	1476	BUSINESS	INR	2023-07-04		ACTIVE	39384	ABS_CORE	ABS_2026_04_25
601029	201029	1493	CREDIT_CARD	INR	2024-08-05		ACTIVE	40487	ABS_CORE	ABS_2026_04_25
601030	201030	1510	SAVINGS	INR	2020-09-06		ACTIVE	41590	ABS_CORE	ABS_2026_04_25
601031	201031	1527	CURRENT	INR	2021-10-07		ACTIVE	42693	ABS_CORE	ABS_2026_04_25
601032	201032	1544	DEPOSIT	INR	2022-11-08		ACTIVE	43796	ABS_CORE	ABS_2026_04_25
601033	201033	1561	BUSINESS	INR	2023-01-09		ACTIVE	44899	ABS_CORE	ABS_2026_04_25
601034	201034	1578	CREDIT_CARD	INR	2024-02-10		ACTIVE	46002	ABS_CORE	ABS_2026_04_25
601035	201035	1595	SAVINGS	INR	2020-03-11		ACTIVE	47105	ABS_CORE	ABS_2026_04_25
601036	201036	1612	CURRENT	INR	2021-04-12		ACTIVE	48208	ABS_CORE	ABS_2026_04_25
601037	201037	1629	DEPOSIT	INR	2022-05-13		ACTIVE	49311	ABS_CORE	ABS_2026_04_25
601038	201038	1646	BUSINESS	INR	2023-06-14		ACTIVE	50414	ABS_CORE	ABS_2026_04_25
601039	201039	1663	CREDIT_CARD	INR	2024-07-15		ACTIVE	51517	ABS_CORE	ABS_2026_04_25
601040	201040	1680	SAVINGS	INR	2020-08-16		ACTIVE	52620	ABS_CORE	ABS_2026_04_25
601041	201041	1697	CURRENT	INR	2021-09-17		ACTIVE	53723	ABS_CORE	ABS_2026_04_25
601042	201042	1714	DEPOSIT	INR	2022-10-18		ACTIVE	54826	ABS_CORE	ABS_2026_04_25
601043	201043	1731	BUSINESS	INR	2023-11-19		ACTIVE	55929	ABS_CORE	ABS_2026_04_25
601044	201044	1748	CREDIT_CARD	INR	2024-01-20		ACTIVE	57032	ABS_CORE	ABS_2026_04_25
601045	201045	1765	SAVINGS	INR	2020-02-21		ACTIVE	58135	ABS_CORE	ABS_2026_04_25
601046	201046	1782	CURRENT	INR	2021-03-22		ACTIVE	59238	ABS_CORE	ABS_2026_04_25
601047	201047	1799	DEPOSIT	INR	2022-04-23		ACTIVE	60341	ABS_CORE	ABS_2026_04_25
601048	201048	1816	BUSINESS	INR	2023-05-24		ACTIVE	61444	ABS_CORE	ABS_2026_04_25
601049	201049	1833	CREDIT_CARD	INR	2024-06-25		ACTIVE	62547	ABS_CORE	ABS_2026_04_25
601050	201050	1850	SAVINGS	INR	2020-07-01		ACTIVE	63650	ABS_CORE	ABS_2026_04_25
601051	201051	1867	CURRENT	INR	2021-08-02		ACTIVE	64753	ABS_CORE	ABS_2026_04_25
601052	201052	1884	DEPOSIT	INR	2022-09-03		ACTIVE	65856	ABS_CORE	ABS_2026_04_25
601053	201053	1901	BUSINESS	INR	2023-10-04		ACTIVE	66959	ABS_CORE	ABS_2026_04_25
601054	201054	1918	CREDIT_CARD	INR	2024-11-05		ACTIVE	68062	ABS_CORE	ABS_2026_04_25
601055	201055	1935	SAVINGS	INR	2020-01-06		ACTIVE	69165	ABS_CORE	ABS_2026_04_25
601056	201056	1952	CURRENT	INR	2021-02-07		ACTIVE	70268	ABS_CORE	ABS_2026_04_25
601057	201057	1969	DEPOSIT	INR	2022-03-08		ACTIVE	71371	ABS_CORE	ABS_2026_04_25
601058	201058	1986	BUSINESS	INR	2023-04-09		ACTIVE	72474	ABS_CORE	ABS_2026_04_25
601059	201059	1003	CREDIT_CARD	INR	2024-05-10		ACTIVE	73577	ABS_CORE	ABS_2026_04_25
601060	201060	1020	SAVINGS	INR	2020-06-11		ACTIVE	74680	ABS_CORE	ABS_2026_04_25
601061	201061	1037	CURRENT	INR	2021-07-12		ACTIVE	75783	ABS_CORE	ABS_2026_04_25
601062	201062	1054	DEPOSIT	INR	2022-08-13		ACTIVE	76886	ABS_CORE	ABS_2026_04_25
601063	201063	1071	BUSINESS	INR	2023-09-14		ACTIVE	77989	ABS_CORE	ABS_2026_04_25
601064	201064	1088	CREDIT_CARD	INR	2024-10-15		ACTIVE	79092	ABS_CORE	ABS_2026_04_25
601065	201065	1105	SAVINGS	INR	2020-11-16		ACTIVE	80195	ABS_CORE	ABS_2026_04_25
601066	201066	1122	CURRENT	INR	2021-01-17		ACTIVE	81298	ABS_CORE	ABS_2026_04_25
601067	201067	1139	DEPOSIT	INR	2022-02-18		ACTIVE	82401	ABS_CORE	ABS_2026_04_25
601068	201068	1156	BUSINESS	INR	2023-03-19		ACTIVE	83504	ABS_CORE	ABS_2026_04_25
601069	201069	1173	CREDIT_CARD	INR	2024-04-20		ACTIVE	84607	ABS_CORE	ABS_2026_04_25
601070	201070	1190	SAVINGS	INR	2020-05-21		ACTIVE	85710	ABS_CORE	ABS_2026_04_25
601071	201071	1207	CURRENT	INR	2021-06-22		ACTIVE	86813	ABS_CORE	ABS_2026_04_25
601072	201072	1224	DEPOSIT	INR	2022-07-23		ACTIVE	87916	ABS_CORE	ABS_2026_04_25
601073	201073	1241	BUSINESS	INR	2023-08-24		ACTIVE	89019	ABS_CORE	ABS_2026_04_25
601074	201074	1258	CREDIT_CARD	INR	2024-09-25		ACTIVE	90122	ABS_CORE	ABS_2026_04_25
601075	201075	1275	SAVINGS	INR	2020-10-01		ACTIVE	91225	ABS_CORE	ABS_2026_04_25
601076	201076	1292	CURRENT	INR	2021-11-02		ACTIVE	92328	ABS_CORE	ABS_2026_04_25
601077	201077	1309	DEPOSIT	INR	2022-01-03		ACTIVE	93431	ABS_CORE	ABS_2026_04_25
601078	201078	1326	BUSINESS	INR	2023-02-04		ACTIVE	94534	ABS_CORE	ABS_2026_04_25
601079	201079	1343	CREDIT_CARD	INR	2024-03-05		ACTIVE	95637	ABS_CORE	ABS_2026_04_25
601080	201080	1360	SAVINGS	INR	2020-04-06		ACTIVE	96740	ABS_CORE	ABS_2026_04_25
601081	201081	1377	CURRENT	INR	2021-05-07		ACTIVE	97843	ABS_CORE	ABS_2026_04_25
601082	201082	1394	DEPOSIT	INR	2022-06-08		ACTIVE	98946	ABS_CORE	ABS_2026_04_25
601083	201083	1411	BUSINESS	INR	2023-07-09		ACTIVE	100049	ABS_CORE	ABS_2026_04_25
601084	201084	1428	CREDIT_CARD	INR	2024-08-10		ACTIVE	101152	ABS_CORE	ABS_2026_04_25
601085	201085	1445	SAVINGS	INR	2020-09-11		ACTIVE	102255	ABS_CORE	ABS_2026_04_25
601086	201086	1462	CURRENT	INR	2021-10-12		ACTIVE	103358	ABS_CORE	ABS_2026_04_25
601087	201087	1479	DEPOSIT	INR	2022-11-13		ACTIVE	104461	ABS_CORE	ABS_2026_04_25
601088	201088	1496	BUSINESS	INR	2023-01-14		ACTIVE	105564	ABS_CORE	ABS_2026_04_25
601089	201089	1513	CREDIT_CARD	INR	2024-02-15		ACTIVE	106667	ABS_CORE	ABS_2026_04_25
601090	201090	1530	SAVINGS	INR	2020-03-16		ACTIVE	107770	ABS_CORE	ABS_2026_04_25
601091	201091	1547	CURRENT	INR	2021-04-17		ACTIVE	108873	ABS_CORE	ABS_2026_04_25
601092	201092	1564	DEPOSIT	INR	2022-05-18		ACTIVE	109976	ABS_CORE	ABS_2026_04_25
601093	201093	1581	BUSINESS	INR	2023-06-19		ACTIVE	111079	ABS_CORE	ABS_2026_04_25
601094	201094	1598	CREDIT_CARD	INR	2024-07-20		ACTIVE	112182	ABS_CORE	ABS_2026_04_25
601095	201095	1615	SAVINGS	INR	2020-08-21		ACTIVE	113285	ABS_CORE	ABS_2026_04_25
601096	201096	1632	CURRENT	INR	2021-09-22		ACTIVE	114388	ABS_CORE	ABS_2026_04_25
601097	201097	1649	DEPOSIT	INR	2022-10-23		ACTIVE	115491	ABS_CORE	ABS_2026_04_25
601098	201098	1666	BUSINESS	INR	2023-11-24		ACTIVE	116594	ABS_CORE	ABS_2026_04_25
601099	201099	1683	CREDIT_CARD	INR	2024-01-25		ACTIVE	117697	ABS_CORE	ABS_2026_04_25
601100	201100	1700	SAVINGS	INR	2020-02-01		ACTIVE	118800	ABS_CORE	ABS_2026_04_25
601101	201101	1717	CURRENT	INR	2021-03-02		ACTIVE	119903	ABS_CORE	ABS_2026_04_25
601102	201102	1734	DEPOSIT	INR	2022-04-03		ACTIVE	121006	ABS_CORE	ABS_2026_04_25
601103	201103	1751	BUSINESS	INR	2023-05-04		ACTIVE	122109	ABS_CORE	ABS_2026_04_25
601104	201104	1768	CREDIT_CARD	INR	2024-06-05		ACTIVE	123212	ABS_CORE	ABS_2026_04_25
601105	201105	1785	SAVINGS	INR	2020-07-06		ACTIVE	124315	ABS_CORE	ABS_2026_04_25
601106	201106	1802	CURRENT	INR	2021-08-07		ACTIVE	125418	ABS_CORE	ABS_2026_04_25
601107	201107	1819	DEPOSIT	INR	2022-09-08		ACTIVE	126521	ABS_CORE	ABS_2026_04_25
601108	201108	1836	BUSINESS	INR	2023-10-09		ACTIVE	127624	ABS_CORE	ABS_2026_04_25
601109	201109	1853	CREDIT_CARD	INR	2024-11-10		ACTIVE	128727	ABS_CORE	ABS_2026_04_25
601110	201110	1870	SAVINGS	INR	2020-01-11		ACTIVE	129830	ABS_CORE	ABS_2026_04_25
601111	201111	1887	CURRENT	INR	2021-02-12		ACTIVE	130933	ABS_CORE	ABS_2026_04_25
601112	201112	1904	DEPOSIT	INR	2022-03-13		ACTIVE	132036	ABS_CORE	ABS_2026_04_25
601113	201113	1921	BUSINESS	INR	2023-04-14		ACTIVE	133139	ABS_CORE	ABS_2026_04_25
601114	201114	1938	CREDIT_CARD	INR	2024-05-15		ACTIVE	134242	ABS_CORE	ABS_2026_04_25
601115	201115	1955	SAVINGS	INR	2020-06-16		ACTIVE	135345	ABS_CORE	ABS_2026_04_25
601116	201116	1972	CURRENT	INR	2021-07-17		ACTIVE	136448	ABS_CORE	ABS_2026_04_25
601117	201117	1989	DEPOSIT	INR	2022-08-18		ACTIVE	137551	ABS_CORE	ABS_2026_04_25
601118	201118	1006	BUSINESS	INR	2023-09-19		ACTIVE	138654	ABS_CORE	ABS_2026_04_25
601119	201119	1023	CREDIT_CARD	INR	2024-10-20		ACTIVE	139757	ABS_CORE	ABS_2026_04_25
601120	201120	1040	SAVINGS	INR	2020-11-21		ACTIVE	140860	ABS_CORE	ABS_2026_04_25
601121	201121	1057	CURRENT	INR	2021-01-22		ACTIVE	141963	ABS_CORE	ABS_2026_04_25
601122	201122	1074	DEPOSIT	INR	2022-02-23		ACTIVE	143066	ABS_CORE	ABS_2026_04_25
601123	201123	1091	BUSINESS	INR	2023-03-24		ACTIVE	144169	ABS_CORE	ABS_2026_04_25
601124	201124	1108	CREDIT_CARD	INR	2024-04-25		ACTIVE	145272	ABS_CORE	ABS_2026_04_25
601125	201125	1125	SAVINGS	INR	2020-05-01		ACTIVE	146375	ABS_CORE	ABS_2026_04_25
601126	201126	1142	CURRENT	INR	2021-06-02		ACTIVE	147478	ABS_CORE	ABS_2026_04_25
601127	201127	1159	DEPOSIT	INR	2022-07-03		ACTIVE	148581	ABS_CORE	ABS_2026_04_25
601128	201128	1176	BUSINESS	INR	2023-08-04		ACTIVE	149684	ABS_CORE	ABS_2026_04_25
601129	201129	1193	CREDIT_CARD	INR	2024-09-05		ACTIVE	150787	ABS_CORE	ABS_2026_04_25
601130	201130	1210	SAVINGS	INR	2020-10-06		ACTIVE	151890	ABS_CORE	ABS_2026_04_25
601131	201131	1227	CURRENT	INR	2021-11-07		ACTIVE	152993	ABS_CORE	ABS_2026_04_25
601132	201132	1244	DEPOSIT	INR	2022-01-08		ACTIVE	154096	ABS_CORE	ABS_2026_04_25
601133	201133	1261	BUSINESS	INR	2023-02-09		ACTIVE	155199	ABS_CORE	ABS_2026_04_25
601134	201134	1278	CREDIT_CARD	INR	2024-03-10		ACTIVE	156302	ABS_CORE	ABS_2026_04_25
601135	201135	1295	SAVINGS	INR	2020-04-11		ACTIVE	157405	ABS_CORE	ABS_2026_04_25
601136	201136	1312	CURRENT	INR	2021-05-12		ACTIVE	158508	ABS_CORE	ABS_2026_04_25
601137	201137	1329	DEPOSIT	INR	2022-06-13		ACTIVE	159611	ABS_CORE	ABS_2026_04_25
601138	201138	1346	BUSINESS	INR	2023-07-14		ACTIVE	160714	ABS_CORE	ABS_2026_04_25
601139	201139	1363	CREDIT_CARD	INR	2024-08-15		ACTIVE	161817	ABS_CORE	ABS_2026_04_25
601140	201140	1380	SAVINGS	INR	2020-09-16		ACTIVE	162920	ABS_CORE	ABS_2026_04_25
601141	201141	1397	CURRENT	INR	2021-10-17		ACTIVE	164023	ABS_CORE	ABS_2026_04_25
601142	201142	1414	DEPOSIT	INR	2022-11-18		ACTIVE	165126	ABS_CORE	ABS_2026_04_25
601143	201143	1431	BUSINESS	INR	2023-01-19		ACTIVE	166229	ABS_CORE	ABS_2026_04_25
601144	201144	1448	CREDIT_CARD	INR	2024-02-20		ACTIVE	167332	ABS_CORE	ABS_2026_04_25
601145	201145	1465	SAVINGS	INR	2020-03-21		ACTIVE	168435	ABS_CORE	ABS_2026_04_25
601146	201146	1482	CURRENT	INR	2021-04-22		ACTIVE	169538	ABS_CORE	ABS_2026_04_25
601147	201147	1499	DEPOSIT	INR	2022-05-23		ACTIVE	170641	ABS_CORE	ABS_2026_04_25
601148	201148	1516	BUSINESS	INR	2023-06-24		ACTIVE	171744	ABS_CORE	ABS_2026_04_25
601149	201149	1533	CREDIT_CARD	INR	2024-07-25		ACTIVE	172847	ABS_CORE	ABS_2026_04_25
601150	201150	1114	CREDIT_CARD	USD	2023-08-15		ACTIVE	111662	ABS_CORE	ABS_2026_05_02
601151	201151	1037	CURRENT	INR	2024-06-24		ACTIVE	104379	ABS_CORE	ABS_2026_05_02
601152	201152	1358	CURRENT	INR	2024-10-08		ACTIVE	80575	ABS_CORE	ABS_2026_05_02
601153	201153	1559	DEPOSIT	INR	2025-02-18		ACTIVE	45601	ABS_CORE	ABS_2026_05_02
601154	201154	1243	BUSINESS	EUR	2024-05-04		ACTIVE	82427	ABS_CORE	ABS_2026_05_02
601155	201155	1224	BUSINESS	INR	2024-04-04		ACTIVE	148515	ABS_CORE	ABS_2026_05_02
601156	201156	1286	SAVINGS	EUR	2026-01-16		ACTIVE	146552	ABS_CORE	ABS_2026_05_02
601157	201157	1834	SAVINGS	USD	2025-06-18		ACTIVE	172454	ABS_CORE	ABS_2026_05_02
601158	201157	1834	SAVINGS	INR	2026-03-08		ACTIVE	179813	ABS_CORE	ABS_2026_05_02
601159	201158	1668	CREDIT_CARD	USD	2023-07-01	2024-01-25	CLOSED	164349	ABS_CORE	ABS_2026_05_02
601160	201159	1151	CREDIT_CARD	INR	2026-02-19		ACTIVE	88130	ABS_CORE	ABS_2026_05_02
601161	201160	1620	SAVINGS	INR	2023-04-18		ACTIVE	55282	ABS_CORE	ABS_2026_05_02
601162	201161	1455	DEPOSIT	INR	2024-01-04		ACTIVE	32027	ABS_CORE	ABS_2026_05_02
601163	201162	1790	CURRENT	INR	2025-10-12		ACTIVE	18956	ABS_CORE	ABS_2026_05_02
601164	201163	1909	BUSINESS	EUR	2023-07-26		ACTIVE	101730	ABS_CORE	ABS_2026_05_02
601165	201163	1909	SAVINGS	USD	2023-10-20		ACTIVE	112276	ABS_CORE	ABS_2026_05_02
601166	201164	1979	CREDIT_CARD	INR	2024-12-11		ACTIVE	45570	ABS_CORE	ABS_2026_05_02
601167	201165	1697	SAVINGS	INR	2023-03-10		ACTIVE	15283	ABS_CORE	ABS_2026_05_02
601168	201166	1017	SAVINGS	INR	2025-06-04		ACTIVE	97491	ABS_CORE	ABS_2026_05_02
601169	201166	1017	SAVINGS	INR	2025-04-28		ACTIVE	103009	ABS_CORE	ABS_2026_05_02
601170	201167	1507	CREDIT_CARD	INR	2024-01-30		ACTIVE	35256	ABS_CORE	ABS_2026_05_02
601171	201168	1372	SAVINGS	EUR	2024-04-17		ACTIVE	851116	ABS_CORE	ABS_2026_05_02
601172	201168	1372	CURRENT	INR	2024-04-28		ACTIVE	856909	ABS_CORE	ABS_2026_05_02
601173	201169	1121	DEPOSIT	INR	2024-09-13		ACTIVE	46094	ABS_CORE	ABS_2026_05_02
601174	201170	1886	CREDIT_CARD	USD	2023-10-24		ACTIVE	114470	ABS_CORE	ABS_2026_05_02
601175	201171	1934	CREDIT_CARD	INR	2024-11-07		ACTIVE	27152	ABS_CORE	ABS_2026_05_02
601176	201172	1758	CURRENT	USD	2024-06-16		ACTIVE	104612	ABS_CORE	ABS_2026_05_02
601177	201173	1608	BUSINESS	INR	2024-09-20		ACTIVE	85670	ABS_CORE	ABS_2026_05_02
601178	201173	1608	BUSINESS	EUR	2023-02-14		ACTIVE	86194	ABS_CORE	ABS_2026_05_02
601179	201174	1250	SAVINGS	EUR	2024-05-31		ACTIVE	695545	ABS_CORE	ABS_2026_05_02
601180	201174	1250	DEPOSIT	USD	2024-01-22		ACTIVE	713475	ABS_CORE	ABS_2026_05_02
601181	201175	1219	CREDIT_CARD	EUR	2025-04-13		ACTIVE	71187	ABS_CORE	ABS_2026_05_02
601182	201176	1779	DEPOSIT	USD	2025-06-01		ACTIVE	95182	ABS_CORE	ABS_2026_05_02
601183	201176	1779	DEPOSIT	USD	2024-07-21		ACTIVE	83459	ABS_CORE	ABS_2026_05_02
601184	201177	1367	BUSINESS	EUR	2025-02-19		ACTIVE	71081	ABS_CORE	ABS_2026_05_02
601185	201178	1577	CREDIT_CARD	USD	2024-05-21		ACTIVE	476464	ABS_CORE	ABS_2026_05_02
601186	201178	1577	CREDIT_CARD	INR	2024-07-19		ACTIVE	468935	ABS_CORE	ABS_2026_05_02
601187	201179	1225	BUSINESS	INR	2024-08-07		ACTIVE	69304	ABS_CORE	ABS_2026_05_02
601188	201180	1055	DEPOSIT	USD	2024-08-29		ACTIVE	78425	ABS_CORE	ABS_2026_05_02
601189	201181	1977	CURRENT	EUR	2023-03-05		ACTIVE	167835	ABS_CORE	ABS_2026_05_02
601190	201182	1930	BUSINESS	INR	2023-10-11		ACTIVE	194900	ABS_CORE	ABS_2026_05_02
601191	201182	1930	BUSINESS	USD	2025-06-14		ACTIVE	200564	ABS_CORE	ABS_2026_05_02
601192	201183	1777	BUSINESS	INR	2023-09-19		ACTIVE	49343	ABS_CORE	ABS_2026_05_02
601193	201183	1777	CREDIT_CARD	EUR	2023-11-21		ACTIVE	45421	ABS_CORE	ABS_2026_05_02
601194	201184	1816	CREDIT_CARD	INR	2025-08-15		ACTIVE	154378	ABS_CORE	ABS_2026_05_02
601195	201185	1902	SAVINGS	EUR	2023-12-29		ACTIVE	61068	ABS_CORE	ABS_2026_05_02
601196	201185	1902	BUSINESS	INR	2026-03-05		ACTIVE	57477	ABS_CORE	ABS_2026_05_02
601197	201186	1419	CREDIT_CARD	INR	2023-09-26		ACTIVE	169352	ABS_CORE	ABS_2026_05_02
601198	201187	1454	CREDIT_CARD	EUR	2025-05-22		ACTIVE	827369	ABS_CORE	ABS_2026_05_02
601199	201187	1454	BUSINESS	INR	2024-07-29		ACTIVE	829378	ABS_CORE	ABS_2026_05_02
601200	201188	1456	DEPOSIT	INR	2024-04-23		ACTIVE	45917	ABS_CORE	ABS_2026_05_02
601201	201189	1317	BUSINESS	INR	2023-10-11		ACTIVE	108129	ABS_CORE	ABS_2026_05_02
601202	201190	1972	SAVINGS	INR	2024-04-23		ACTIVE	166238	ABS_CORE	ABS_2026_05_02
601203	201190	1972	CURRENT	EUR	2025-04-03		ACTIVE	171698	ABS_CORE	ABS_2026_05_02
601204	201191	1450	CURRENT	USD	2025-03-14		ACTIVE	137284	ABS_CORE	ABS_2026_05_02
601205	201192	1300	CREDIT_CARD	INR	2023-09-18		ACTIVE	208042	ABS_CORE	ABS_2026_05_02
601206	201193	1260	CURRENT	INR	2025-11-18		ACTIVE	75899	ABS_CORE	ABS_2026_05_02
601207	201193	1260	CURRENT	INR	2024-05-28		ACTIVE	62041	ABS_CORE	ABS_2026_05_02
601208	201194	1161	CREDIT_CARD	INR	2024-01-21		ACTIVE	149549	ABS_CORE	ABS_2026_05_02
601209	201195	1949	BUSINESS	EUR	2025-04-07		ACTIVE	104016	ABS_CORE	ABS_2026_05_02
601210	201195	1949	CREDIT_CARD	INR	2025-06-25		ACTIVE	102087	ABS_CORE	ABS_2026_05_02
601211	201196	1746	DEPOSIT	INR	2023-05-15		ACTIVE	69527	ABS_CORE	ABS_2026_05_02
601212	201197	1293	BUSINESS	INR	2023-07-04		ACTIVE	108263	ABS_CORE	ABS_2026_05_02
601213	201197	1293	BUSINESS	INR	2025-06-12		ACTIVE	117365	ABS_CORE	ABS_2026_05_02
601214	201198	1337	BUSINESS	INR	2025-02-20		ACTIVE	22913	ABS_CORE	ABS_2026_05_02
601215	201199	1348	BUSINESS	USD	2023-09-29		ACTIVE	184197	ABS_CORE	ABS_2026_05_02
601216	201200	1975	DEPOSIT	INR	2024-09-10		ACTIVE	354700	ABS_CORE	ABS_2026_05_02
601217	201200	1975	CURRENT	USD	2023-01-23		ACTIVE	361471	ABS_CORE	ABS_2026_05_02
601218	201201	1456	CREDIT_CARD	INR	2024-09-24		ACTIVE	43698	ABS_CORE	ABS_2026_05_02
601219	201202	1647	SAVINGS	USD	2023-03-04		ACTIVE	214317	ABS_CORE	ABS_2026_05_02
601220	201203	1398	CURRENT	INR	2026-01-19		ACTIVE	897162	ABS_CORE	ABS_2026_05_02
601221	201203	1398	SAVINGS	USD	2025-07-29		ACTIVE	893504	ABS_CORE	ABS_2026_05_02
601222	201204	1491	CREDIT_CARD	INR	2023-11-01		ACTIVE	199922	ABS_CORE	ABS_2026_05_02
601223	201205	1214	SAVINGS	EUR	2024-04-07		ACTIVE	75805	ABS_CORE	ABS_2026_05_02
601224	201206	1795	DEPOSIT	INR	2024-08-11		ACTIVE	307412	ABS_CORE	ABS_2026_05_02
601225	201206	1795	SAVINGS	INR	2023-12-05		ACTIVE	299643	ABS_CORE	ABS_2026_05_02
601226	201207	1742	CURRENT	INR	2025-05-31		ACTIVE	15865	ABS_CORE	ABS_2026_05_02
601227	201208	1448	BUSINESS	USD	2025-06-08		ACTIVE	188075	ABS_CORE	ABS_2026_05_02
601228	201209	1858	SAVINGS	USD	2023-05-06		ACTIVE	33889	ABS_CORE	ABS_2026_05_02
601229	201210	1758	DEPOSIT	EUR	2026-03-21		ACTIVE	132989	ABS_CORE	ABS_2026_05_02
601230	201211	1516	DEPOSIT	INR	2023-03-28		ACTIVE	136257	ABS_CORE	ABS_2026_05_02
601231	201212	1539	DEPOSIT	INR	2024-08-23		ACTIVE	150623	ABS_CORE	ABS_2026_05_02
601232	201213	1027	DEPOSIT	INR	2025-12-22		ACTIVE	144287	ABS_CORE	ABS_2026_05_02
601233	201213	1027	SAVINGS	INR	2025-05-07		ACTIVE	129250	ABS_CORE	ABS_2026_05_02
601234	201214	1362	CURRENT	INR	2025-05-05		ACTIVE	335125	ABS_CORE	ABS_2026_05_02
601235	201214	1362	SAVINGS	INR	2024-10-30		ACTIVE	331569	ABS_CORE	ABS_2026_05_02
601236	201215	1207	DEPOSIT	INR	2023-10-29		ACTIVE	532712	ABS_CORE	ABS_2026_05_02
601237	201215	1207	SAVINGS	INR	2023-07-24		ACTIVE	549047	ABS_CORE	ABS_2026_05_02
601238	201216	1313	BUSINESS	INR	2026-03-10		ACTIVE	60035	ABS_CORE	ABS_2026_05_02
601239	201217	1022	BUSINESS	INR	2024-12-13		ACTIVE	40004	ABS_CORE	ABS_2026_05_02
601240	201218	1420	CURRENT	USD	2025-06-27		ACTIVE	85128	ABS_CORE	ABS_2026_05_02
601241	201219	1792	CREDIT_CARD	INR	2025-04-24		ACTIVE	677259	ABS_CORE	ABS_2026_05_02
601242	201219	1792	CURRENT	USD	2023-10-02		ACTIVE	673118	ABS_CORE	ABS_2026_05_02
601243	201220	1071	SAVINGS	EUR	2024-01-30		ACTIVE	52773	ABS_CORE	ABS_2026_05_02
601244	201221	1086	CURRENT	INR	2025-10-05		ACTIVE	28578	ABS_CORE	ABS_2026_05_02
601245	201222	1249	DEPOSIT	INR	2024-07-17		ACTIVE	181163	ABS_CORE	ABS_2026_05_02
601246	201223	1083	BUSINESS	INR	2025-12-05		ACTIVE	205884	ABS_CORE	ABS_2026_05_02
601247	201224	1321	CREDIT_CARD	INR	2023-04-10		ACTIVE	133357	ABS_CORE	ABS_2026_05_02
601248	201224	1321	DEPOSIT	INR	2025-06-29		ACTIVE	151586	ABS_CORE	ABS_2026_05_02
601249	201225	1244	CURRENT	USD	2025-10-28		ACTIVE	145675	ABS_CORE	ABS_2026_05_02
601250	201226	1462	SAVINGS	USD	2023-05-24		ACTIVE	28858	ABS_CORE	ABS_2026_05_02
601251	201227	1117	BUSINESS	INR	2023-03-24		ACTIVE	118040	ABS_CORE	ABS_2026_05_02
601252	201228	1268	CREDIT_CARD	INR	2025-05-12		ACTIVE	209663	ABS_CORE	ABS_2026_05_02
601253	201228	1268	CREDIT_CARD	INR	2024-06-29		ACTIVE	204679	ABS_CORE	ABS_2026_05_02
601254	201229	1540	SAVINGS	USD	2025-08-01		ACTIVE	390305	ABS_CORE	ABS_2026_05_02
601255	201229	1540	SAVINGS	INR	2025-04-01		ACTIVE	374851	ABS_CORE	ABS_2026_05_02
601256	201230	1458	BUSINESS	INR	2023-04-20		ACTIVE	53442	ABS_CORE	ABS_2026_05_02
601257	201231	1575	SAVINGS	INR	2024-05-09		ACTIVE	404731	ABS_CORE	ABS_2026_05_02
601258	201231	1575	CREDIT_CARD	INR	2024-10-04		ACTIVE	414714	ABS_CORE	ABS_2026_05_02
601259	201232	1289	BUSINESS	USD	2023-05-15		ACTIVE	211184	ABS_CORE	ABS_2026_05_02
601260	201232	1289	CURRENT	INR	2025-05-08		ACTIVE	198184	ABS_CORE	ABS_2026_05_02
601261	201233	1292	SAVINGS	INR	2023-05-19		ACTIVE	186729	ABS_CORE	ABS_2026_05_02
601262	201234	1467	BUSINESS	INR	2025-03-25		ACTIVE	98572	ABS_CORE	ABS_2026_05_02
601263	201234	1467	BUSINESS	INR	2024-06-05		ACTIVE	107897	ABS_CORE	ABS_2026_05_02
601264	201235	1249	SAVINGS	EUR	2025-12-09		ACTIVE	116629	ABS_CORE	ABS_2026_05_02
601265	201235	1249	SAVINGS	USD	2025-11-05		ACTIVE	108979	ABS_CORE	ABS_2026_05_02
601266	201236	1821	DEPOSIT	INR	2023-02-18		ACTIVE	95535	ABS_CORE	ABS_2026_05_02
601267	201237	1942	DEPOSIT	EUR	2024-11-15		ACTIVE	169186	ABS_CORE	ABS_2026_05_02
601268	201238	1417	CURRENT	EUR	2024-11-09		ACTIVE	217971	ABS_CORE	ABS_2026_05_02
601269	201239	1710	DEPOSIT	INR	2024-05-09	2025-01-17	CLOSED	154038	ABS_CORE	ABS_2026_05_02
601270	201239	1710	CURRENT	EUR	2024-11-24		ACTIVE	145924	ABS_CORE	ABS_2026_05_02
601271	201240	1316	DEPOSIT	INR	2025-12-27		ACTIVE	56353	ABS_CORE	ABS_2026_05_02
601272	201241	1589	BUSINESS	INR	2025-09-12		ACTIVE	120526	ABS_CORE	ABS_2026_05_02
601273	201242	1156	SAVINGS	USD	2025-07-02		ACTIVE	54835	ABS_CORE	ABS_2026_05_02
601274	201242	1156	DEPOSIT	USD	2024-05-27		ACTIVE	55194	ABS_CORE	ABS_2026_05_02
601275	201243	1363	CURRENT	EUR	2025-08-15		ACTIVE	60525	ABS_CORE	ABS_2026_05_02
601276	201244	1119	BUSINESS	INR	2023-03-25		ACTIVE	30910	ABS_CORE	ABS_2026_05_02
601277	201245	1895	SAVINGS	INR	2024-07-11		ACTIVE	53203	ABS_CORE	ABS_2026_05_02
601278	201246	1704	CURRENT	INR	2024-11-03		ACTIVE	100913	ABS_CORE	ABS_2026_05_02
601279	201246	1704	CREDIT_CARD	INR	2024-07-22		ACTIVE	93626	ABS_CORE	ABS_2026_05_02
601280	201247	1383	BUSINESS	EUR	2023-02-24		ACTIVE	123148	ABS_CORE	ABS_2026_05_02
601281	201247	1383	CURRENT	INR	2026-03-02		ACTIVE	115291	ABS_CORE	ABS_2026_05_02
601282	201248	1945	DEPOSIT	INR	2024-10-12		ACTIVE	34127	ABS_CORE	ABS_2026_05_02
601283	201248	1945	SAVINGS	INR	2025-02-15		ACTIVE	46200	ABS_CORE	ABS_2026_05_02
601284	201249	1154	DEPOSIT	INR	2025-12-29		ACTIVE	27770	ABS_CORE	ABS_2026_05_02
601285	201250	1475	BUSINESS	USD	2023-06-14	2024-06-29	CLOSED	721423	ABS_CORE	ABS_2026_05_02
601286	201250	1475	CURRENT	INR	2024-09-09		ACTIVE	720631	ABS_CORE	ABS_2026_05_02
601287	201251	1644	CREDIT_CARD	INR	2024-07-30		ACTIVE	182357	ABS_CORE	ABS_2026_05_02
601288	201251	1644	BUSINESS	INR	2025-09-28		ACTIVE	168809	ABS_CORE	ABS_2026_05_02
601289	201252	1129	CREDIT_CARD	INR	2023-03-09		ACTIVE	78859	ABS_CORE	ABS_2026_05_02
601290	201253	1770	BUSINESS	EUR	2023-07-08		ACTIVE	114674	ABS_CORE	ABS_2026_05_02
601291	201254	1971	SAVINGS	INR	2025-01-02		ACTIVE	51056	ABS_CORE	ABS_2026_05_02
601292	201255	1386	CREDIT_CARD	INR	2024-12-05		ACTIVE	128930	ABS_CORE	ABS_2026_05_02
601293	201256	1667	DEPOSIT	EUR	2025-12-02		ACTIVE	72405	ABS_CORE	ABS_2026_05_02
601294	201257	1577	BUSINESS	INR	2025-04-05		ACTIVE	85758	ABS_CORE	ABS_2026_05_02
601295	201258	1122	CREDIT_CARD	INR	2024-04-05		ACTIVE	114520	ABS_CORE	ABS_2026_05_02
601296	201259	1063	BUSINESS	EUR	2024-07-02		ACTIVE	14357	ABS_CORE	ABS_2026_05_02
601297	201259	1063	CURRENT	EUR	2025-01-02	2026-01-06	CLOSED	13136	ABS_CORE	ABS_2026_05_02
601298	201260	1978	CURRENT	INR	2025-03-28		ACTIVE	65415	ABS_CORE	ABS_2026_05_02
601299	201261	1512	CREDIT_CARD	INR	2025-08-11		ACTIVE	52677	ABS_CORE	ABS_2026_05_02
601300	201261	1512	SAVINGS	INR	2024-01-06		ACTIVE	51749	ABS_CORE	ABS_2026_05_02
601301	201262	1609	CURRENT	USD	2023-07-03		ACTIVE	43477	ABS_CORE	ABS_2026_05_02
601302	201263	1127	CREDIT_CARD	INR	2024-12-24		ACTIVE	155063	ABS_CORE	ABS_2026_05_02
601303	201264	1107	DEPOSIT	INR	2025-03-28		ACTIVE	454497	ABS_CORE	ABS_2026_05_02
601304	201264	1107	BUSINESS	EUR	2026-01-19		ACTIVE	446154	ABS_CORE	ABS_2026_05_02
601305	201265	1108	CREDIT_CARD	INR	2023-06-14		ACTIVE	62455	ABS_CORE	ABS_2026_05_02
601306	201266	1904	CURRENT	INR	2024-05-08		ACTIVE	94449	ABS_CORE	ABS_2026_05_02
601307	201267	1239	SAVINGS	INR	2024-10-17		ACTIVE	183752	ABS_CORE	ABS_2026_05_02
601308	201268	1683	BUSINESS	INR	2023-11-30		ACTIVE	129285	ABS_CORE	ABS_2026_05_02
601309	201268	1683	BUSINESS	INR	2023-07-19		ACTIVE	135817	ABS_CORE	ABS_2026_05_02
601310	201269	1900	BUSINESS	INR	2026-01-17		ACTIVE	21322	ABS_CORE	ABS_2026_05_02
601311	201270	1359	CURRENT	USD	2025-05-01		ACTIVE	44459	ABS_CORE	ABS_2026_05_02
601312	201270	1359	SAVINGS	INR	2023-07-12		ACTIVE	40667	ABS_CORE	ABS_2026_05_02
601313	201271	1687	CREDIT_CARD	USD	2025-05-09		ACTIVE	297861	ABS_CORE	ABS_2026_05_02
601314	201271	1687	CURRENT	INR	2023-12-09		ACTIVE	304710	ABS_CORE	ABS_2026_05_02
601315	201272	1300	DEPOSIT	INR	2025-09-11		ACTIVE	94534	ABS_CORE	ABS_2026_05_02
601316	201273	1318	CURRENT	INR	2024-03-18		ACTIVE	140350	ABS_CORE	ABS_2026_05_02
601317	201274	1555	CREDIT_CARD	USD	2025-02-11		ACTIVE	172644	ABS_CORE	ABS_2026_05_02
601318	201275	1089	SAVINGS	USD	2025-08-02		ACTIVE	91520	ABS_CORE	ABS_2026_05_02
601319	201275	1089	BUSINESS	USD	2024-09-30		ACTIVE	96325	ABS_CORE	ABS_2026_05_02
601320	201276	1342	DEPOSIT	INR	2023-09-26		ACTIVE	44406	ABS_CORE	ABS_2026_05_02
601321	201277	1415	DEPOSIT	EUR	2025-11-20		ACTIVE	64476	ABS_CORE	ABS_2026_05_02
601322	201278	1367	DEPOSIT	EUR	2023-11-30		ACTIVE	833920	ABS_CORE	ABS_2026_05_02
601323	201278	1367	CURRENT	EUR	2025-11-22		ACTIVE	831719	ABS_CORE	ABS_2026_05_02
601324	201279	1681	BUSINESS	EUR	2024-11-29		ACTIVE	144968	ABS_CORE	ABS_2026_05_02
601325	201280	1079	CREDIT_CARD	EUR	2023-05-03		ACTIVE	31428	ABS_CORE	ABS_2026_05_02
601326	201281	1048	BUSINESS	INR	2025-04-18		ACTIVE	206807	ABS_CORE	ABS_2026_05_02
601327	201281	1048	BUSINESS	INR	2023-10-17		ACTIVE	221044	ABS_CORE	ABS_2026_05_02
601328	201282	1987	SAVINGS	INR	2024-01-22		ACTIVE	103909	ABS_CORE	ABS_2026_05_02
601329	201283	1471	CREDIT_CARD	USD	2026-03-01		ACTIVE	94820	ABS_CORE	ABS_2026_05_02
601330	201284	1459	BUSINESS	INR	2023-11-29		ACTIVE	225480	ABS_CORE	ABS_2026_05_02
601331	201285	1672	SAVINGS	EUR	2025-09-01		ACTIVE	236622	ABS_CORE	ABS_2026_05_02
601332	201285	1672	DEPOSIT	USD	2024-10-02		ACTIVE	234982	ABS_CORE	ABS_2026_05_02
601333	201286	1689	SAVINGS	INR	2024-09-08		ACTIVE	58260	ABS_CORE	ABS_2026_05_02
601334	201287	1696	BUSINESS	INR	2024-01-06		ACTIVE	194701	ABS_CORE	ABS_2026_05_02
601335	201288	1983	DEPOSIT	INR	2026-02-13		ACTIVE	48121	ABS_CORE	ABS_2026_05_02
601336	201288	1983	DEPOSIT	INR	2023-06-24		ACTIVE	41409	ABS_CORE	ABS_2026_05_02
601337	201289	1907	CURRENT	INR	2023-10-01		ACTIVE	72271	ABS_CORE	ABS_2026_05_02
601338	201290	1383	CREDIT_CARD	INR	2025-03-07		ACTIVE	124596	ABS_CORE	ABS_2026_05_02
601339	201291	1326	CREDIT_CARD	INR	2025-12-01		ACTIVE	206305	ABS_CORE	ABS_2026_05_02
601340	201292	1438	CREDIT_CARD	USD	2025-06-22		ACTIVE	205188	ABS_CORE	ABS_2026_05_02
601341	201292	1438	CREDIT_CARD	INR	2025-04-05		ACTIVE	194586	ABS_CORE	ABS_2026_05_02
601342	201293	1538	SAVINGS	USD	2025-12-13		ACTIVE	73926	ABS_CORE	ABS_2026_05_02
601343	201294	1237	CREDIT_CARD	USD	2025-07-16		ACTIVE	131619	ABS_CORE	ABS_2026_05_02
601344	201295	1393	BUSINESS	INR	2023-07-29		ACTIVE	60034	ABS_CORE	ABS_2026_05_02
601345	201296	1490	SAVINGS	INR	2026-01-29		ACTIVE	841650	ABS_CORE	ABS_2026_05_02
601346	201296	1490	CREDIT_CARD	INR	2024-12-28		ACTIVE	843086	ABS_CORE	ABS_2026_05_02
601347	201297	1253	BUSINESS	EUR	2026-02-13		ACTIVE	797529	ABS_CORE	ABS_2026_05_02
601348	201297	1253	CURRENT	INR	2026-03-09		ACTIVE	817172	ABS_CORE	ABS_2026_05_02
601349	201298	1521	DEPOSIT	USD	2024-02-14		ACTIVE	97114	ABS_CORE	ABS_2026_05_02
601350	201299	1201	DEPOSIT	EUR	2024-01-03		ACTIVE	124582	ABS_CORE	ABS_2026_05_02
601351	201300	1054	DEPOSIT	EUR	2024-08-25		ACTIVE	179174	ABS_CORE	ABS_2026_05_02
601352	201301	1762	DEPOSIT	INR	2024-09-05		ACTIVE	99944	ABS_CORE	ABS_2026_05_02
601353	201302	1500	CURRENT	INR	2023-12-20		ACTIVE	142190	ABS_CORE	ABS_2026_05_02
601354	201303	1333	BUSINESS	INR	2024-10-11		ACTIVE	187066	ABS_CORE	ABS_2026_05_02
601355	201304	1809	CREDIT_CARD	INR	2024-04-23		ACTIVE	194902	ABS_CORE	ABS_2026_05_02
601356	201304	1809	CREDIT_CARD	USD	2024-03-22		ACTIVE	193186	ABS_CORE	ABS_2026_05_02
601357	201305	1405	CURRENT	INR	2025-09-08		ACTIVE	707840	ABS_CORE	ABS_2026_05_02
601358	201305	1405	CREDIT_CARD	INR	2024-05-08		ACTIVE	706647	ABS_CORE	ABS_2026_05_02
601359	201306	1090	DEPOSIT	USD	2024-05-17		ACTIVE	367363	ABS_CORE	ABS_2026_05_02
601360	201306	1090	DEPOSIT	USD	2025-07-28		ACTIVE	368963	ABS_CORE	ABS_2026_05_02
601361	201307	1627	SAVINGS	USD	2025-02-21		ACTIVE	177206	ABS_CORE	ABS_2026_05_02
601362	201308	1820	SAVINGS	INR	2025-06-18		ACTIVE	121521	ABS_CORE	ABS_2026_05_02
601363	201309	1632	BUSINESS	INR	2024-06-17		ACTIVE	157174	ABS_CORE	ABS_2026_05_02
601364	201310	1590	CURRENT	INR	2025-11-28		ACTIVE	174282	ABS_CORE	ABS_2026_05_02
601365	201311	1675	CREDIT_CARD	INR	2023-06-28		ACTIVE	14283	ABS_CORE	ABS_2026_05_02
601366	201312	1229	BUSINESS	USD	2023-10-30		ACTIVE	128254	ABS_CORE	ABS_2026_05_02
601367	201312	1229	CREDIT_CARD	INR	2024-02-21		ACTIVE	126252	ABS_CORE	ABS_2026_05_02
601368	201313	1465	CURRENT	INR	2026-03-18		ACTIVE	149360	ABS_CORE	ABS_2026_05_02
601369	201314	1738	DEPOSIT	INR	2025-08-28		ACTIVE	111558	ABS_CORE	ABS_2026_05_02
601370	201315	1036	SAVINGS	INR	2024-07-24		ACTIVE	304072	ABS_CORE	ABS_2026_05_02
601371	201315	1036	CREDIT_CARD	EUR	2023-04-18		ACTIVE	293517	ABS_CORE	ABS_2026_05_02
601372	201316	1744	DEPOSIT	INR	2025-04-23		ACTIVE	143715	ABS_CORE	ABS_2026_05_02
601373	201317	1539	CURRENT	INR	2025-01-18		ACTIVE	372836	ABS_CORE	ABS_2026_05_02
601374	201317	1539	CREDIT_CARD	INR	2025-07-17		ACTIVE	354737	ABS_CORE	ABS_2026_05_02
601375	201318	1175	DEPOSIT	EUR	2025-12-17		ACTIVE	786996	ABS_CORE	ABS_2026_05_02
601376	201318	1175	SAVINGS	INR	2025-12-18		ACTIVE	799081	ABS_CORE	ABS_2026_05_02
601377	201319	1574	CREDIT_CARD	INR	2023-07-29		ACTIVE	14199	ABS_CORE	ABS_2026_05_02
601378	201320	1747	SAVINGS	INR	2023-11-16		ACTIVE	184281	ABS_CORE	ABS_2026_05_02
601379	201321	1436	CURRENT	USD	2025-08-24		ACTIVE	181003	ABS_CORE	ABS_2026_05_02
601380	201322	1711	SAVINGS	INR	2023-06-11		ACTIVE	416984	ABS_CORE	ABS_2026_05_02
601381	201322	1711	DEPOSIT	EUR	2025-02-06		ACTIVE	423865	ABS_CORE	ABS_2026_05_02
601382	201323	1631	CREDIT_CARD	USD	2025-01-25		ACTIVE	15859	ABS_CORE	ABS_2026_05_02
601383	201324	1135	SAVINGS	INR	2025-08-12		ACTIVE	13095	ABS_CORE	ABS_2026_05_02
601384	201325	1966	CREDIT_CARD	INR	2025-08-31		ACTIVE	33188	ABS_CORE	ABS_2026_05_02
601385	201325	1966	BUSINESS	INR	2024-10-02		ACTIVE	28884	ABS_CORE	ABS_2026_05_02
601386	201326	1977	DEPOSIT	INR	2023-11-05		ACTIVE	421793	ABS_CORE	ABS_2026_05_02
601387	201326	1977	SAVINGS	INR	2025-06-16		ACTIVE	424268	ABS_CORE	ABS_2026_05_02
601388	201327	1873	CREDIT_CARD	INR	2025-09-17		ACTIVE	127974	ABS_CORE	ABS_2026_05_02
601389	201328	1792	BUSINESS	USD	2023-09-04		ACTIVE	246000	ABS_CORE	ABS_2026_05_02
601390	201328	1792	BUSINESS	USD	2025-04-19		ACTIVE	235282	ABS_CORE	ABS_2026_05_02
601391	201329	1471	BUSINESS	EUR	2023-07-12		ACTIVE	43544	ABS_CORE	ABS_2026_05_02
601392	201330	1213	CREDIT_CARD	INR	2025-07-02		ACTIVE	111998	ABS_CORE	ABS_2026_05_02
601393	201331	1924	BUSINESS	INR	2025-11-17		ACTIVE	120111	ABS_CORE	ABS_2026_05_02
601394	201331	1924	CREDIT_CARD	EUR	2023-01-24		ACTIVE	120900	ABS_CORE	ABS_2026_05_02
601395	201332	1531	CREDIT_CARD	INR	2023-10-22		ACTIVE	190563	ABS_CORE	ABS_2026_05_02
601396	201333	1825	BUSINESS	INR	2023-02-07		ACTIVE	196070	ABS_CORE	ABS_2026_05_02
601397	201334	1184	CREDIT_CARD	USD	2023-06-15		ACTIVE	45590	ABS_CORE	ABS_2026_05_02
601398	201335	1331	DEPOSIT	INR	2024-05-18		ACTIVE	631179	ABS_CORE	ABS_2026_05_02
601399	201335	1331	CREDIT_CARD	INR	2023-02-23		ACTIVE	642744	ABS_CORE	ABS_2026_05_02
601400	201336	1584	BUSINESS	USD	2023-09-21		ACTIVE	212992	ABS_CORE	ABS_2026_05_02
601401	201336	1584	SAVINGS	USD	2026-02-18		ACTIVE	210170	ABS_CORE	ABS_2026_05_02
601402	201337	1898	SAVINGS	INR	2024-07-11		ACTIVE	164368	ABS_CORE	ABS_2026_05_02
601403	201337	1898	CURRENT	USD	2024-04-27		ACTIVE	147720	ABS_CORE	ABS_2026_05_02
601404	201338	1314	DEPOSIT	EUR	2023-08-01		ACTIVE	133037	ABS_CORE	ABS_2026_05_02
601405	201339	1702	SAVINGS	INR	2026-03-22		ACTIVE	52653	ABS_CORE	ABS_2026_05_02
601406	201340	1681	CREDIT_CARD	EUR	2024-02-20		ACTIVE	23680	ABS_CORE	ABS_2026_05_02
601407	201341	1936	CURRENT	USD	2025-08-19		ACTIVE	137504	ABS_CORE	ABS_2026_05_02
601408	201342	1150	CURRENT	USD	2025-03-01		ACTIVE	108526	ABS_CORE	ABS_2026_05_02
601409	201343	1671	CREDIT_CARD	INR	2023-09-16		ACTIVE	33499	ABS_CORE	ABS_2026_05_02
601410	201344	1867	BUSINESS	INR	2023-04-05		ACTIVE	26559	ABS_CORE	ABS_2026_05_02
601411	201345	1119	CREDIT_CARD	INR	2025-04-05		ACTIVE	132803	ABS_CORE	ABS_2026_05_02
601412	201346	1838	CREDIT_CARD	EUR	2024-06-05		ACTIVE	186969	ABS_CORE	ABS_2026_05_02
601413	201346	1838	BUSINESS	EUR	2024-11-03		ACTIVE	185599	ABS_CORE	ABS_2026_05_02
601414	201347	1785	CURRENT	USD	2023-05-12		ACTIVE	26270	ABS_CORE	ABS_2026_05_02
601415	201348	1498	CREDIT_CARD	INR	2025-02-08		ACTIVE	869975	ABS_CORE	ABS_2026_05_02
601416	201348	1498	DEPOSIT	INR	2025-03-27		ACTIVE	881323	ABS_CORE	ABS_2026_05_02
601417	201349	1750	DEPOSIT	EUR	2023-07-17		ACTIVE	45931	ABS_CORE	ABS_2026_05_02
601418	201350	1712	DEPOSIT	USD	2026-02-28		ACTIVE	142787	ABS_CORE	ABS_2026_05_02
601419	201351	1475	SAVINGS	INR	2024-09-26		ACTIVE	21183	ABS_CORE	ABS_2026_05_02
601420	201352	1620	DEPOSIT	INR	2025-11-19		ACTIVE	190817	ABS_CORE	ABS_2026_05_02
601421	201353	1934	SAVINGS	INR	2023-09-12		ACTIVE	162276	ABS_CORE	ABS_2026_05_02
601422	201354	1510	CREDIT_CARD	USD	2024-11-25		ACTIVE	206044	ABS_CORE	ABS_2026_05_02
601423	201355	1698	BUSINESS	USD	2023-11-24		ACTIVE	24560	ABS_CORE	ABS_2026_05_02
601424	201356	1727	DEPOSIT	INR	2023-10-01		ACTIVE	217715	ABS_CORE	ABS_2026_05_02
601425	201356	1727	DEPOSIT	EUR	2023-03-03		ACTIVE	203385	ABS_CORE	ABS_2026_05_02
601426	201357	1922	CURRENT	INR	2023-09-19		ACTIVE	876567	ABS_CORE	ABS_2026_05_02
601427	201357	1922	CURRENT	INR	2023-05-09		ACTIVE	875458	ABS_CORE	ABS_2026_05_02
601428	201358	1560	CREDIT_CARD	INR	2025-07-03		ACTIVE	415026	ABS_CORE	ABS_2026_05_02
601429	201358	1560	SAVINGS	INR	2023-08-14		ACTIVE	411742	ABS_CORE	ABS_2026_05_02
601430	201359	1263	CREDIT_CARD	INR	2024-07-18		ACTIVE	105340	ABS_CORE	ABS_2026_05_02
601431	201359	1263	CREDIT_CARD	INR	2025-10-28		ACTIVE	96990	ABS_CORE	ABS_2026_05_02
601432	201360	1078	CREDIT_CARD	INR	2023-05-27		ACTIVE	67995	ABS_CORE	ABS_2026_05_02
601433	201361	1249	DEPOSIT	INR	2025-01-14		ACTIVE	36950	ABS_CORE	ABS_2026_05_02
601434	201362	1907	CREDIT_CARD	EUR	2023-07-28		ACTIVE	16042	ABS_CORE	ABS_2026_05_02
601435	201363	1058	BUSINESS	INR	2024-11-12		ACTIVE	103219	ABS_CORE	ABS_2026_05_02
601436	201363	1058	SAVINGS	USD	2024-10-17		ACTIVE	101970	ABS_CORE	ABS_2026_05_02
601437	201364	1782	DEPOSIT	EUR	2023-05-20		ACTIVE	138929	ABS_CORE	ABS_2026_05_02
601438	201364	1782	DEPOSIT	INR	2024-06-08		ACTIVE	140637	ABS_CORE	ABS_2026_05_02
601439	201365	1580	CREDIT_CARD	EUR	2026-03-11		ACTIVE	211626	ABS_CORE	ABS_2026_05_02
601440	201365	1580	CURRENT	USD	2025-08-26		ACTIVE	218981	ABS_CORE	ABS_2026_05_02
601441	201366	1751	CURRENT	INR	2023-08-29		ACTIVE	22146	ABS_CORE	ABS_2026_05_02
601442	201367	1611	CURRENT	INR	2023-02-08		ACTIVE	23685	ABS_CORE	ABS_2026_05_02
601443	201367	1611	DEPOSIT	USD	2024-01-22		ACTIVE	29478	ABS_CORE	ABS_2026_05_02
601444	201368	1769	BUSINESS	INR	2023-03-27		ACTIVE	25616	ABS_CORE	ABS_2026_05_02
601445	201369	1804	CREDIT_CARD	INR	2024-08-10		ACTIVE	498949	ABS_CORE	ABS_2026_05_02
601446	201369	1804	CREDIT_CARD	INR	2024-08-27		ACTIVE	503416	ABS_CORE	ABS_2026_05_02
601447	201370	1114	CREDIT_CARD	USD	2023-08-15		ACTIVE	111662	ABS_CORE	ABS_2026_05_02
601448	201371	1037	CURRENT	INR	2024-06-24		ACTIVE	104379	ABS_CORE	ABS_2026_05_02
601449	201372	1358	CURRENT	INR	2024-10-08		ACTIVE	80575	ABS_CORE	ABS_2026_05_02
601450	201373	1559	DEPOSIT	INR	2025-02-18		ACTIVE	45601	ABS_CORE	ABS_2026_05_02
601451	201374	1243	BUSINESS	EUR	2024-05-04		ACTIVE	82427	ABS_CORE	ABS_2026_05_02
601452	201375	1224	BUSINESS	INR	2024-04-04		ACTIVE	148515	ABS_CORE	ABS_2026_05_02
601453	201376	1286	SAVINGS	EUR	2026-01-16		ACTIVE	146552	ABS_CORE	ABS_2026_05_02
601454	201377	1834	SAVINGS	USD	2025-06-18		ACTIVE	172454	ABS_CORE	ABS_2026_05_02
601455	201377	1834	SAVINGS	INR	2026-03-08		ACTIVE	179813	ABS_CORE	ABS_2026_05_02
601456	201378	1668	CREDIT_CARD	USD	2023-07-01	2024-01-25	CLOSED	164349	ABS_CORE	ABS_2026_05_02
601457	201379	1151	CREDIT_CARD	INR	2026-02-19		ACTIVE	88130	ABS_CORE	ABS_2026_05_02
601458	201380	1620	SAVINGS	INR	2023-04-18		ACTIVE	55282	ABS_CORE	ABS_2026_05_02
601459	201381	1455	DEPOSIT	INR	2024-01-04		ACTIVE	32027	ABS_CORE	ABS_2026_05_02
601460	201382	1790	CURRENT	INR	2025-10-12		ACTIVE	18956	ABS_CORE	ABS_2026_05_02
601461	201383	1909	BUSINESS	EUR	2023-07-26		ACTIVE	101730	ABS_CORE	ABS_2026_05_02
601462	201383	1909	SAVINGS	USD	2023-10-20		ACTIVE	112276	ABS_CORE	ABS_2026_05_02
601463	201384	1979	CREDIT_CARD	INR	2024-12-11		ACTIVE	45570	ABS_CORE	ABS_2026_05_02
601464	201385	1697	SAVINGS	INR	2023-03-10		ACTIVE	15283	ABS_CORE	ABS_2026_05_02
601465	201386	1017	SAVINGS	INR	2025-06-04		ACTIVE	97491	ABS_CORE	ABS_2026_05_02
601466	201386	1017	SAVINGS	INR	2025-04-28		ACTIVE	103009	ABS_CORE	ABS_2026_05_02
601467	201387	1507	CREDIT_CARD	INR	2024-01-30		ACTIVE	35256	ABS_CORE	ABS_2026_05_02
601468	201388	1372	SAVINGS	EUR	2024-04-17		ACTIVE	851116	ABS_CORE	ABS_2026_05_02
601469	201388	1372	CURRENT	INR	2024-04-28		ACTIVE	856909	ABS_CORE	ABS_2026_05_02
601470	201389	1121	DEPOSIT	INR	2024-09-13		ACTIVE	46094	ABS_CORE	ABS_2026_05_02
601471	201390	1886	CREDIT_CARD	USD	2023-10-24		ACTIVE	114470	ABS_CORE	ABS_2026_05_02
601472	201391	1934	CREDIT_CARD	INR	2024-11-07		ACTIVE	27152	ABS_CORE	ABS_2026_05_02
601473	201392	1758	CURRENT	USD	2024-06-16		ACTIVE	104612	ABS_CORE	ABS_2026_05_02
601474	201393	1608	BUSINESS	INR	2024-09-20		ACTIVE	85670	ABS_CORE	ABS_2026_05_02
601475	201393	1608	BUSINESS	EUR	2023-02-14		ACTIVE	86194	ABS_CORE	ABS_2026_05_02
601476	201394	1250	SAVINGS	EUR	2024-05-31		ACTIVE	695545	ABS_CORE	ABS_2026_05_02
601477	201394	1250	DEPOSIT	USD	2024-01-22		ACTIVE	713475	ABS_CORE	ABS_2026_05_02
601478	201395	1219	CREDIT_CARD	EUR	2025-04-13		ACTIVE	71187	ABS_CORE	ABS_2026_05_02
601479	201396	1779	DEPOSIT	USD	2025-06-01		ACTIVE	95182	ABS_CORE	ABS_2026_05_02
601480	201396	1779	DEPOSIT	USD	2024-07-21		ACTIVE	83459	ABS_CORE	ABS_2026_05_02
601481	201397	1367	BUSINESS	EUR	2025-02-19		ACTIVE	71081	ABS_CORE	ABS_2026_05_02
601482	201398	1577	CREDIT_CARD	USD	2024-05-21		ACTIVE	476464	ABS_CORE	ABS_2026_05_02
601483	201398	1577	CREDIT_CARD	INR	2024-07-19		ACTIVE	468935	ABS_CORE	ABS_2026_05_02
601484	201399	1225	BUSINESS	INR	2024-08-07		ACTIVE	69304	ABS_CORE	ABS_2026_05_02
601485	201400	1055	DEPOSIT	USD	2024-08-29		ACTIVE	78425	ABS_CORE	ABS_2026_05_02
601486	201401	1977	CURRENT	EUR	2023-03-05		ACTIVE	167835	ABS_CORE	ABS_2026_05_02
601487	201402	1930	BUSINESS	INR	2023-10-11		ACTIVE	194900	ABS_CORE	ABS_2026_05_02
601488	201402	1930	BUSINESS	USD	2025-06-14		ACTIVE	200564	ABS_CORE	ABS_2026_05_02
601489	201403	1777	BUSINESS	INR	2023-09-19		ACTIVE	49343	ABS_CORE	ABS_2026_05_02
601490	201403	1777	CREDIT_CARD	EUR	2023-11-21		ACTIVE	45421	ABS_CORE	ABS_2026_05_02
601491	201404	1816	CREDIT_CARD	INR	2025-08-15		ACTIVE	154378	ABS_CORE	ABS_2026_05_02
601492	201405	1902	SAVINGS	EUR	2023-12-29		ACTIVE	61068	ABS_CORE	ABS_2026_05_02
601493	201405	1902	BUSINESS	INR	2026-03-05		ACTIVE	57477	ABS_CORE	ABS_2026_05_02
601494	201406	1419	CREDIT_CARD	INR	2023-09-26		ACTIVE	169352	ABS_CORE	ABS_2026_05_02
601495	201407	1454	CREDIT_CARD	EUR	2025-05-22		ACTIVE	827369	ABS_CORE	ABS_2026_05_02
601496	201407	1454	BUSINESS	INR	2024-07-29		ACTIVE	829378	ABS_CORE	ABS_2026_05_02
601497	201408	1456	DEPOSIT	INR	2024-04-23		ACTIVE	45917	ABS_CORE	ABS_2026_05_02
601498	201409	1317	BUSINESS	INR	2023-10-11		ACTIVE	108129	ABS_CORE	ABS_2026_05_02
601499	201410	1972	SAVINGS	INR	2024-04-23		ACTIVE	166238	ABS_CORE	ABS_2026_05_02
601500	201410	1972	CURRENT	EUR	2025-04-03		ACTIVE	171698	ABS_CORE	ABS_2026_05_02
601501	201411	1450	CURRENT	USD	2025-03-14		ACTIVE	137284	ABS_CORE	ABS_2026_05_02
601502	201412	1300	CREDIT_CARD	INR	2023-09-18		ACTIVE	208042	ABS_CORE	ABS_2026_05_02
601503	201413	1260	CURRENT	INR	2025-11-18		ACTIVE	75899	ABS_CORE	ABS_2026_05_02
601504	201413	1260	CURRENT	INR	2024-05-28		ACTIVE	62041	ABS_CORE	ABS_2026_05_02
601505	201414	1161	CREDIT_CARD	INR	2024-01-21		ACTIVE	149549	ABS_CORE	ABS_2026_05_02
601506	201415	1949	BUSINESS	EUR	2025-04-07		ACTIVE	104016	ABS_CORE	ABS_2026_05_02
601507	201415	1949	CREDIT_CARD	INR	2025-06-25		ACTIVE	102087	ABS_CORE	ABS_2026_05_02
601508	201416	1746	DEPOSIT	INR	2023-05-15		ACTIVE	69527	ABS_CORE	ABS_2026_05_02
601509	201417	1293	BUSINESS	INR	2023-07-04		ACTIVE	108263	ABS_CORE	ABS_2026_05_02
601510	201417	1293	BUSINESS	INR	2025-06-12		ACTIVE	117365	ABS_CORE	ABS_2026_05_02
601511	201418	1337	BUSINESS	INR	2025-02-20		ACTIVE	22913	ABS_CORE	ABS_2026_05_02
601512	201419	1348	BUSINESS	USD	2023-09-29		ACTIVE	184197	ABS_CORE	ABS_2026_05_02
601513	201420	1975	DEPOSIT	INR	2024-09-10		ACTIVE	354700	ABS_CORE	ABS_2026_05_02
601514	201420	1975	CURRENT	USD	2023-01-23		ACTIVE	361471	ABS_CORE	ABS_2026_05_02
601515	201421	1456	CREDIT_CARD	INR	2024-09-24		ACTIVE	43698	ABS_CORE	ABS_2026_05_02
601516	201422	1647	SAVINGS	USD	2023-03-04		ACTIVE	214317	ABS_CORE	ABS_2026_05_02
601517	201423	1398	CURRENT	INR	2026-01-19		ACTIVE	897162	ABS_CORE	ABS_2026_05_02
601518	201423	1398	SAVINGS	USD	2025-07-29		ACTIVE	893504	ABS_CORE	ABS_2026_05_02
601519	201424	1491	CREDIT_CARD	INR	2023-11-01		ACTIVE	199922	ABS_CORE	ABS_2026_05_02
601520	201425	1214	SAVINGS	EUR	2024-04-07		ACTIVE	75805	ABS_CORE	ABS_2026_05_02
601521	201426	1795	DEPOSIT	INR	2024-08-11		ACTIVE	307412	ABS_CORE	ABS_2026_05_02
601522	201426	1795	SAVINGS	INR	2023-12-05		ACTIVE	299643	ABS_CORE	ABS_2026_05_02
601523	201427	1742	CURRENT	INR	2025-05-31		ACTIVE	15865	ABS_CORE	ABS_2026_05_02
601524	201428	1448	BUSINESS	USD	2025-06-08		ACTIVE	188075	ABS_CORE	ABS_2026_05_02
601525	201429	1858	SAVINGS	USD	2023-05-06		ACTIVE	33889	ABS_CORE	ABS_2026_05_02
601526	201430	1758	DEPOSIT	EUR	2026-03-21		ACTIVE	132989	ABS_CORE	ABS_2026_05_02
601527	201431	1516	DEPOSIT	INR	2023-03-28		ACTIVE	136257	ABS_CORE	ABS_2026_05_02
601528	201432	1539	DEPOSIT	INR	2024-08-23		ACTIVE	150623	ABS_CORE	ABS_2026_05_02
601529	201433	1027	DEPOSIT	INR	2025-12-22		ACTIVE	144287	ABS_CORE	ABS_2026_05_02
601530	201433	1027	SAVINGS	INR	2025-05-07		ACTIVE	129250	ABS_CORE	ABS_2026_05_02
601531	201434	1362	CURRENT	INR	2025-05-05		ACTIVE	335125	ABS_CORE	ABS_2026_05_02
601532	201434	1362	SAVINGS	INR	2024-10-30		ACTIVE	331569	ABS_CORE	ABS_2026_05_02
601533	201435	1207	DEPOSIT	INR	2023-10-29		ACTIVE	532712	ABS_CORE	ABS_2026_05_02
601534	201435	1207	SAVINGS	INR	2023-07-24		ACTIVE	549047	ABS_CORE	ABS_2026_05_02
601535	201436	1313	BUSINESS	INR	2026-03-10		ACTIVE	60035	ABS_CORE	ABS_2026_05_02
601536	201437	1022	BUSINESS	INR	2024-12-13		ACTIVE	40004	ABS_CORE	ABS_2026_05_02
601537	201438	1420	CURRENT	USD	2025-06-27		ACTIVE	85128	ABS_CORE	ABS_2026_05_02
601538	201439	1792	CREDIT_CARD	INR	2025-04-24		ACTIVE	677259	ABS_CORE	ABS_2026_05_02
601539	201439	1792	CURRENT	USD	2023-10-02		ACTIVE	673118	ABS_CORE	ABS_2026_05_02
601540	201440	1071	SAVINGS	EUR	2024-01-30		ACTIVE	52773	ABS_CORE	ABS_2026_05_02
601541	201441	1086	CURRENT	INR	2025-10-05		ACTIVE	28578	ABS_CORE	ABS_2026_05_02
601542	201442	1249	DEPOSIT	INR	2024-07-17		ACTIVE	181163	ABS_CORE	ABS_2026_05_02
601543	201443	1083	BUSINESS	INR	2025-12-05		ACTIVE	205884	ABS_CORE	ABS_2026_05_02
601544	201444	1321	CREDIT_CARD	INR	2023-04-10		ACTIVE	133357	ABS_CORE	ABS_2026_05_02
601545	201444	1321	DEPOSIT	INR	2025-06-29		ACTIVE	151586	ABS_CORE	ABS_2026_05_02
601546	201445	1244	CURRENT	USD	2025-10-28		ACTIVE	145675	ABS_CORE	ABS_2026_05_02
601547	201446	1462	SAVINGS	USD	2023-05-24		ACTIVE	28858	ABS_CORE	ABS_2026_05_02
601548	201447	1117	BUSINESS	INR	2023-03-24		ACTIVE	118040	ABS_CORE	ABS_2026_05_02
601549	201448	1268	CREDIT_CARD	INR	2025-05-12		ACTIVE	209663	ABS_CORE	ABS_2026_05_02
601550	201448	1268	CREDIT_CARD	INR	2024-06-29		ACTIVE	204679	ABS_CORE	ABS_2026_05_02
601551	201449	1540	SAVINGS	USD	2025-08-01		ACTIVE	390305	ABS_CORE	ABS_2026_05_02
601552	201449	1540	SAVINGS	INR	2025-04-01		ACTIVE	374851	ABS_CORE	ABS_2026_05_02
601553	201450	1458	BUSINESS	INR	2023-04-20		ACTIVE	53442	ABS_CORE	ABS_2026_05_02
601554	201451	1575	SAVINGS	INR	2024-05-09		ACTIVE	404731	ABS_CORE	ABS_2026_05_02
601555	201451	1575	CREDIT_CARD	INR	2024-10-04		ACTIVE	414714	ABS_CORE	ABS_2026_05_02
601556	201452	1289	BUSINESS	USD	2023-05-15		ACTIVE	211184	ABS_CORE	ABS_2026_05_02
601557	201452	1289	CURRENT	INR	2025-05-08		ACTIVE	198184	ABS_CORE	ABS_2026_05_02
601558	201453	1292	SAVINGS	INR	2023-05-19		ACTIVE	186729	ABS_CORE	ABS_2026_05_02
601559	201454	1467	BUSINESS	INR	2025-03-25		ACTIVE	98572	ABS_CORE	ABS_2026_05_02
601560	201454	1467	BUSINESS	INR	2024-06-05		ACTIVE	107897	ABS_CORE	ABS_2026_05_02
601561	201455	1249	SAVINGS	EUR	2025-12-09		ACTIVE	116629	ABS_CORE	ABS_2026_05_02
601562	201455	1249	SAVINGS	USD	2025-11-05		ACTIVE	108979	ABS_CORE	ABS_2026_05_02
601563	201456	1821	DEPOSIT	INR	2023-02-18		ACTIVE	95535	ABS_CORE	ABS_2026_05_02
601564	201457	1942	DEPOSIT	EUR	2024-11-15		ACTIVE	169186	ABS_CORE	ABS_2026_05_02
601565	201458	1417	CURRENT	EUR	2024-11-09		ACTIVE	217971	ABS_CORE	ABS_2026_05_02
601566	201459	1710	DEPOSIT	INR	2024-05-09	2025-01-17	CLOSED	154038	ABS_CORE	ABS_2026_05_02
601567	201459	1710	CURRENT	EUR	2024-11-24		ACTIVE	145924	ABS_CORE	ABS_2026_05_02
601568	201460	1316	DEPOSIT	INR	2025-12-27		ACTIVE	56353	ABS_CORE	ABS_2026_05_02
601569	201461	1589	BUSINESS	INR	2025-09-12		ACTIVE	120526	ABS_CORE	ABS_2026_05_02
601570	201462	1156	SAVINGS	USD	2025-07-02		ACTIVE	54835	ABS_CORE	ABS_2026_05_02
601571	201462	1156	DEPOSIT	USD	2024-05-27		ACTIVE	55194	ABS_CORE	ABS_2026_05_02
601572	201463	1363	CURRENT	EUR	2025-08-15		ACTIVE	60525	ABS_CORE	ABS_2026_05_02
601573	201464	1119	BUSINESS	INR	2023-03-25		ACTIVE	30910	ABS_CORE	ABS_2026_05_02
601574	201465	1895	SAVINGS	INR	2024-07-11		ACTIVE	53203	ABS_CORE	ABS_2026_05_02
601575	201466	1704	CURRENT	INR	2024-11-03		ACTIVE	100913	ABS_CORE	ABS_2026_05_02
601576	201466	1704	CREDIT_CARD	INR	2024-07-22		ACTIVE	93626	ABS_CORE	ABS_2026_05_02
601577	201467	1383	BUSINESS	EUR	2023-02-24		ACTIVE	123148	ABS_CORE	ABS_2026_05_02
601578	201467	1383	CURRENT	INR	2026-03-02		ACTIVE	115291	ABS_CORE	ABS_2026_05_02
601579	201468	1945	DEPOSIT	INR	2024-10-12		ACTIVE	34127	ABS_CORE	ABS_2026_05_02
601580	201468	1945	SAVINGS	INR	2025-02-15		ACTIVE	46200	ABS_CORE	ABS_2026_05_02
601581	201469	1154	DEPOSIT	INR	2025-12-29		ACTIVE	27770	ABS_CORE	ABS_2026_05_02
601582	201470	1475	BUSINESS	USD	2023-06-14	2024-06-29	CLOSED	721423	ABS_CORE	ABS_2026_05_02
601583	201470	1475	CURRENT	INR	2024-09-09		ACTIVE	720631	ABS_CORE	ABS_2026_05_02
601584	201471	1644	CREDIT_CARD	INR	2024-07-30		ACTIVE	182357	ABS_CORE	ABS_2026_05_02
601585	201471	1644	BUSINESS	INR	2025-09-28		ACTIVE	168809	ABS_CORE	ABS_2026_05_02
601586	201472	1129	CREDIT_CARD	INR	2023-03-09		ACTIVE	78859	ABS_CORE	ABS_2026_05_02
601587	201473	1770	BUSINESS	EUR	2023-07-08		ACTIVE	114674	ABS_CORE	ABS_2026_05_02
601588	201474	1971	SAVINGS	INR	2025-01-02		ACTIVE	51056	ABS_CORE	ABS_2026_05_02
601589	201475	1386	CREDIT_CARD	INR	2024-12-05		ACTIVE	128930	ABS_CORE	ABS_2026_05_02
601590	201476	1667	DEPOSIT	EUR	2025-12-02		ACTIVE	72405	ABS_CORE	ABS_2026_05_02
601591	201477	1577	BUSINESS	INR	2025-04-05		ACTIVE	85758	ABS_CORE	ABS_2026_05_02
601592	201478	1122	CREDIT_CARD	INR	2024-04-05		ACTIVE	114520	ABS_CORE	ABS_2026_05_02
601593	201479	1063	BUSINESS	EUR	2024-07-02		ACTIVE	14357	ABS_CORE	ABS_2026_05_02
601594	201479	1063	CURRENT	EUR	2025-01-02	2026-01-06	CLOSED	13136	ABS_CORE	ABS_2026_05_02
601595	201480	1978	CURRENT	INR	2025-03-28		ACTIVE	65415	ABS_CORE	ABS_2026_05_02
601596	201481	1512	CREDIT_CARD	INR	2025-08-11		ACTIVE	52677	ABS_CORE	ABS_2026_05_02
601597	201481	1512	SAVINGS	INR	2024-01-06		ACTIVE	51749	ABS_CORE	ABS_2026_05_02
601598	201482	1609	CURRENT	USD	2023-07-03		ACTIVE	43477	ABS_CORE	ABS_2026_05_02
601599	201483	1127	CREDIT_CARD	INR	2024-12-24		ACTIVE	155063	ABS_CORE	ABS_2026_05_02
601600	201484	1107	DEPOSIT	INR	2025-03-28		ACTIVE	454497	ABS_CORE	ABS_2026_05_02
601601	201484	1107	BUSINESS	EUR	2026-01-19		ACTIVE	446154	ABS_CORE	ABS_2026_05_02
601602	201485	1108	CREDIT_CARD	INR	2023-06-14		ACTIVE	62455	ABS_CORE	ABS_2026_05_02
601603	201486	1904	CURRENT	INR	2024-05-08		ACTIVE	94449	ABS_CORE	ABS_2026_05_02
601604	201487	1239	SAVINGS	INR	2024-10-17		ACTIVE	183752	ABS_CORE	ABS_2026_05_02
601605	201488	1683	BUSINESS	INR	2023-11-30		ACTIVE	129285	ABS_CORE	ABS_2026_05_02
601606	201488	1683	BUSINESS	INR	2023-07-19		ACTIVE	135817	ABS_CORE	ABS_2026_05_02
601607	201489	1900	BUSINESS	INR	2026-01-17		ACTIVE	21322	ABS_CORE	ABS_2026_05_02
601608	201490	1359	CURRENT	USD	2025-05-01		ACTIVE	44459	ABS_CORE	ABS_2026_05_02
601609	201490	1359	SAVINGS	INR	2023-07-12		ACTIVE	40667	ABS_CORE	ABS_2026_05_02
601610	201491	1687	CREDIT_CARD	USD	2025-05-09		ACTIVE	297861	ABS_CORE	ABS_2026_05_02
601611	201491	1687	CURRENT	INR	2023-12-09		ACTIVE	304710	ABS_CORE	ABS_2026_05_02
601612	201492	1300	DEPOSIT	INR	2025-09-11		ACTIVE	94534	ABS_CORE	ABS_2026_05_02
601613	201493	1318	CURRENT	INR	2024-03-18		ACTIVE	140350	ABS_CORE	ABS_2026_05_02
601614	201494	1555	CREDIT_CARD	USD	2025-02-11		ACTIVE	172644	ABS_CORE	ABS_2026_05_02
601615	201495	1089	SAVINGS	USD	2025-08-02		ACTIVE	91520	ABS_CORE	ABS_2026_05_02
601616	201495	1089	BUSINESS	USD	2024-09-30		ACTIVE	96325	ABS_CORE	ABS_2026_05_02
601617	201496	1342	DEPOSIT	INR	2023-09-26		ACTIVE	44406	ABS_CORE	ABS_2026_05_02
601618	201497	1415	DEPOSIT	EUR	2025-11-20		ACTIVE	64476	ABS_CORE	ABS_2026_05_02
601619	201498	1367	DEPOSIT	EUR	2023-11-30		ACTIVE	833920	ABS_CORE	ABS_2026_05_02
601620	201498	1367	CURRENT	EUR	2025-11-22		ACTIVE	831719	ABS_CORE	ABS_2026_05_02
601621	201499	1681	BUSINESS	EUR	2024-11-29		ACTIVE	144968	ABS_CORE	ABS_2026_05_02
601622	201500	1079	CREDIT_CARD	EUR	2023-05-03		ACTIVE	31428	ABS_CORE	ABS_2026_05_02
601623	201501	1048	BUSINESS	INR	2025-04-18		ACTIVE	206807	ABS_CORE	ABS_2026_05_02
601624	201501	1048	BUSINESS	INR	2023-10-17		ACTIVE	221044	ABS_CORE	ABS_2026_05_02
601625	201502	1987	SAVINGS	INR	2024-01-22		ACTIVE	103909	ABS_CORE	ABS_2026_05_02
601626	201503	1471	CREDIT_CARD	USD	2026-03-01		ACTIVE	94820	ABS_CORE	ABS_2026_05_02
601627	201504	1459	BUSINESS	INR	2023-11-29		ACTIVE	225480	ABS_CORE	ABS_2026_05_02
601628	201505	1672	SAVINGS	EUR	2025-09-01		ACTIVE	236622	ABS_CORE	ABS_2026_05_02
601629	201505	1672	DEPOSIT	USD	2024-10-02		ACTIVE	234982	ABS_CORE	ABS_2026_05_02
601630	201506	1689	SAVINGS	INR	2024-09-08		ACTIVE	58260	ABS_CORE	ABS_2026_05_02
601631	201507	1696	BUSINESS	INR	2024-01-06		ACTIVE	194701	ABS_CORE	ABS_2026_05_02
601632	201508	1983	DEPOSIT	INR	2026-02-13		ACTIVE	48121	ABS_CORE	ABS_2026_05_02
601633	201508	1983	DEPOSIT	INR	2023-06-24		ACTIVE	41409	ABS_CORE	ABS_2026_05_02
601634	201509	1907	CURRENT	INR	2023-10-01		ACTIVE	72271	ABS_CORE	ABS_2026_05_02
601635	201510	1383	CREDIT_CARD	INR	2025-03-07		ACTIVE	124596	ABS_CORE	ABS_2026_05_02
601636	201511	1326	CREDIT_CARD	INR	2025-12-01		ACTIVE	206305	ABS_CORE	ABS_2026_05_02
601637	201512	1438	CREDIT_CARD	USD	2025-06-22		ACTIVE	205188	ABS_CORE	ABS_2026_05_02
601638	201512	1438	CREDIT_CARD	INR	2025-04-05		ACTIVE	194586	ABS_CORE	ABS_2026_05_02
601639	201513	1538	SAVINGS	USD	2025-12-13		ACTIVE	73926	ABS_CORE	ABS_2026_05_02
601640	201514	1237	CREDIT_CARD	USD	2025-07-16		ACTIVE	131619	ABS_CORE	ABS_2026_05_02
601641	201515	1393	BUSINESS	INR	2023-07-29		ACTIVE	60034	ABS_CORE	ABS_2026_05_02
601642	201516	1490	SAVINGS	INR	2026-01-29		ACTIVE	841650	ABS_CORE	ABS_2026_05_02
601643	201516	1490	CREDIT_CARD	INR	2024-12-28		ACTIVE	843086	ABS_CORE	ABS_2026_05_02
601644	201517	1253	BUSINESS	EUR	2026-02-13		ACTIVE	797529	ABS_CORE	ABS_2026_05_02
601645	201517	1253	CURRENT	INR	2026-03-09		ACTIVE	817172	ABS_CORE	ABS_2026_05_02
601646	201518	1521	DEPOSIT	USD	2024-02-14		ACTIVE	97114	ABS_CORE	ABS_2026_05_02
601647	201519	1201	DEPOSIT	EUR	2024-01-03		ACTIVE	124582	ABS_CORE	ABS_2026_05_02
601648	201520	1054	DEPOSIT	EUR	2024-08-25		ACTIVE	179174	ABS_CORE	ABS_2026_05_02
601649	201521	1762	DEPOSIT	INR	2024-09-05		ACTIVE	99944	ABS_CORE	ABS_2026_05_02
601650	201522	1500	CURRENT	INR	2023-12-20		ACTIVE	142190	ABS_CORE	ABS_2026_05_02
601651	201523	1333	BUSINESS	INR	2024-10-11		ACTIVE	187066	ABS_CORE	ABS_2026_05_02
601652	201524	1809	CREDIT_CARD	INR	2024-04-23		ACTIVE	194902	ABS_CORE	ABS_2026_05_02
601653	201524	1809	CREDIT_CARD	USD	2024-03-22		ACTIVE	193186	ABS_CORE	ABS_2026_05_02
601654	201525	1405	CURRENT	INR	2025-09-08		ACTIVE	707840	ABS_CORE	ABS_2026_05_02
601655	201525	1405	CREDIT_CARD	INR	2024-05-08		ACTIVE	706647	ABS_CORE	ABS_2026_05_02
601656	201526	1090	DEPOSIT	USD	2024-05-17		ACTIVE	367363	ABS_CORE	ABS_2026_05_02
601657	201526	1090	DEPOSIT	USD	2025-07-28		ACTIVE	368963	ABS_CORE	ABS_2026_05_02
601658	201527	1627	SAVINGS	USD	2025-02-21		ACTIVE	177206	ABS_CORE	ABS_2026_05_02
601659	201528	1820	SAVINGS	INR	2025-06-18		ACTIVE	121521	ABS_CORE	ABS_2026_05_02
601660	201529	1632	BUSINESS	INR	2024-06-17		ACTIVE	157174	ABS_CORE	ABS_2026_05_02
601661	201530	1590	CURRENT	INR	2025-11-28		ACTIVE	174282	ABS_CORE	ABS_2026_05_02
601662	201531	1675	CREDIT_CARD	INR	2023-06-28		ACTIVE	14283	ABS_CORE	ABS_2026_05_02
601663	201532	1229	BUSINESS	USD	2023-10-30		ACTIVE	128254	ABS_CORE	ABS_2026_05_02
601664	201532	1229	CREDIT_CARD	INR	2024-02-21		ACTIVE	126252	ABS_CORE	ABS_2026_05_02
601665	201533	1465	CURRENT	INR	2026-03-18		ACTIVE	149360	ABS_CORE	ABS_2026_05_02
601666	201534	1738	DEPOSIT	INR	2025-08-28		ACTIVE	111558	ABS_CORE	ABS_2026_05_02
601667	201535	1036	SAVINGS	INR	2024-07-24		ACTIVE	304072	ABS_CORE	ABS_2026_05_02
601668	201535	1036	CREDIT_CARD	EUR	2023-04-18		ACTIVE	293517	ABS_CORE	ABS_2026_05_02
601669	201536	1744	DEPOSIT	INR	2025-04-23		ACTIVE	143715	ABS_CORE	ABS_2026_05_02
601670	201537	1539	CURRENT	INR	2025-01-18		ACTIVE	372836	ABS_CORE	ABS_2026_05_02
601671	201537	1539	CREDIT_CARD	INR	2025-07-17		ACTIVE	354737	ABS_CORE	ABS_2026_05_02
601672	201538	1175	DEPOSIT	EUR	2025-12-17		ACTIVE	786996	ABS_CORE	ABS_2026_05_02
601673	201538	1175	SAVINGS	INR	2025-12-18		ACTIVE	799081	ABS_CORE	ABS_2026_05_02
601674	201539	1574	CREDIT_CARD	INR	2023-07-29		ACTIVE	14199	ABS_CORE	ABS_2026_05_02
601675	201540	1747	SAVINGS	INR	2023-11-16		ACTIVE	184281	ABS_CORE	ABS_2026_05_02
601676	201541	1436	CURRENT	USD	2025-08-24		ACTIVE	181003	ABS_CORE	ABS_2026_05_02
601677	201542	1711	SAVINGS	INR	2023-06-11		ACTIVE	416984	ABS_CORE	ABS_2026_05_02
601678	201542	1711	DEPOSIT	EUR	2025-02-06		ACTIVE	423865	ABS_CORE	ABS_2026_05_02
601679	201543	1631	CREDIT_CARD	USD	2025-01-25		ACTIVE	15859	ABS_CORE	ABS_2026_05_02
601680	201544	1135	SAVINGS	INR	2025-08-12		ACTIVE	13095	ABS_CORE	ABS_2026_05_02
601681	201545	1966	CREDIT_CARD	INR	2025-08-31		ACTIVE	33188	ABS_CORE	ABS_2026_05_02
601682	201545	1966	BUSINESS	INR	2024-10-02		ACTIVE	28884	ABS_CORE	ABS_2026_05_02
601683	201546	1977	DEPOSIT	INR	2023-11-05		ACTIVE	421793	ABS_CORE	ABS_2026_05_02
601684	201546	1977	SAVINGS	INR	2025-06-16		ACTIVE	424268	ABS_CORE	ABS_2026_05_02
601685	201547	1873	CREDIT_CARD	INR	2025-09-17		ACTIVE	127974	ABS_CORE	ABS_2026_05_02
601686	201548	1792	BUSINESS	USD	2023-09-04		ACTIVE	246000	ABS_CORE	ABS_2026_05_02
601687	201548	1792	BUSINESS	USD	2025-04-19		ACTIVE	235282	ABS_CORE	ABS_2026_05_02
601688	201549	1471	BUSINESS	EUR	2023-07-12		ACTIVE	43544	ABS_CORE	ABS_2026_05_02
601689	201550	1213	CREDIT_CARD	INR	2025-07-02		ACTIVE	111998	ABS_CORE	ABS_2026_05_02
601690	201551	1924	BUSINESS	INR	2025-11-17		ACTIVE	120111	ABS_CORE	ABS_2026_05_02
601691	201551	1924	CREDIT_CARD	EUR	2023-01-24		ACTIVE	120900	ABS_CORE	ABS_2026_05_02
601692	201552	1531	CREDIT_CARD	INR	2023-10-22		ACTIVE	190563	ABS_CORE	ABS_2026_05_02
601693	201553	1825	BUSINESS	INR	2023-02-07		ACTIVE	196070	ABS_CORE	ABS_2026_05_02
601694	201554	1184	CREDIT_CARD	USD	2023-06-15		ACTIVE	45590	ABS_CORE	ABS_2026_05_02
601695	201555	1331	DEPOSIT	INR	2024-05-18		ACTIVE	631179	ABS_CORE	ABS_2026_05_02
601696	201555	1331	CREDIT_CARD	INR	2023-02-23		ACTIVE	642744	ABS_CORE	ABS_2026_05_02
601697	201556	1584	BUSINESS	USD	2023-09-21		ACTIVE	212992	ABS_CORE	ABS_2026_05_02
601698	201556	1584	SAVINGS	USD	2026-02-18		ACTIVE	210170	ABS_CORE	ABS_2026_05_02
601699	201557	1898	SAVINGS	INR	2024-07-11		ACTIVE	164368	ABS_CORE	ABS_2026_05_02
601700	201557	1898	CURRENT	USD	2024-04-27		ACTIVE	147720	ABS_CORE	ABS_2026_05_02
601701	201558	1314	DEPOSIT	EUR	2023-08-01		ACTIVE	133037	ABS_CORE	ABS_2026_05_02
601702	201559	1702	SAVINGS	INR	2026-03-22		ACTIVE	52653	ABS_CORE	ABS_2026_05_02
601703	201560	1681	CREDIT_CARD	EUR	2024-02-20		ACTIVE	23680	ABS_CORE	ABS_2026_05_02
601704	201561	1936	CURRENT	USD	2025-08-19		ACTIVE	137504	ABS_CORE	ABS_2026_05_02
601705	201562	1150	CURRENT	USD	2025-03-01		ACTIVE	108526	ABS_CORE	ABS_2026_05_02
601706	201563	1671	CREDIT_CARD	INR	2023-09-16		ACTIVE	33499	ABS_CORE	ABS_2026_05_02
601707	201564	1867	BUSINESS	INR	2023-04-05		ACTIVE	26559	ABS_CORE	ABS_2026_05_02
601708	201565	1119	CREDIT_CARD	INR	2025-04-05		ACTIVE	132803	ABS_CORE	ABS_2026_05_02
601709	201566	1838	CREDIT_CARD	EUR	2024-06-05		ACTIVE	186969	ABS_CORE	ABS_2026_05_02
601710	201566	1838	BUSINESS	EUR	2024-11-03		ACTIVE	185599	ABS_CORE	ABS_2026_05_02
601711	201567	1785	CURRENT	USD	2023-05-12		ACTIVE	26270	ABS_CORE	ABS_2026_05_02
601712	201568	1498	CREDIT_CARD	INR	2025-02-08		ACTIVE	869975	ABS_CORE	ABS_2026_05_02
601713	201568	1498	DEPOSIT	INR	2025-03-27		ACTIVE	881323	ABS_CORE	ABS_2026_05_02
601714	201569	1750	DEPOSIT	EUR	2023-07-17		ACTIVE	45931	ABS_CORE	ABS_2026_05_02
601715	201570	1712	DEPOSIT	USD	2026-02-28		ACTIVE	142787	ABS_CORE	ABS_2026_05_02
601716	201571	1475	SAVINGS	INR	2024-09-26		ACTIVE	21183	ABS_CORE	ABS_2026_05_02
601717	201572	1620	DEPOSIT	INR	2025-11-19		ACTIVE	190817	ABS_CORE	ABS_2026_05_02
601718	201573	1934	SAVINGS	INR	2023-09-12		ACTIVE	162276	ABS_CORE	ABS_2026_05_02
601719	201574	1510	CREDIT_CARD	USD	2024-11-25		ACTIVE	206044	ABS_CORE	ABS_2026_05_02
601720	201575	1698	BUSINESS	USD	2023-11-24		ACTIVE	24560	ABS_CORE	ABS_2026_05_02
601721	201576	1727	DEPOSIT	INR	2023-10-01		ACTIVE	217715	ABS_CORE	ABS_2026_05_02
601722	201576	1727	DEPOSIT	EUR	2023-03-03		ACTIVE	203385	ABS_CORE	ABS_2026_05_02
601723	201577	1922	CURRENT	INR	2023-09-19		ACTIVE	876567	ABS_CORE	ABS_2026_05_02
601724	201577	1922	CURRENT	INR	2023-05-09		ACTIVE	875458	ABS_CORE	ABS_2026_05_02
601725	201578	1560	CREDIT_CARD	INR	2025-07-03		ACTIVE	415026	ABS_CORE	ABS_2026_05_02
601726	201578	1560	SAVINGS	INR	2023-08-14		ACTIVE	411742	ABS_CORE	ABS_2026_05_02
601727	201579	1263	CREDIT_CARD	INR	2024-07-18		ACTIVE	105340	ABS_CORE	ABS_2026_05_02
601728	201579	1263	CREDIT_CARD	INR	2025-10-28		ACTIVE	96990	ABS_CORE	ABS_2026_05_02
601729	201580	1078	CREDIT_CARD	INR	2023-05-27		ACTIVE	67995	ABS_CORE	ABS_2026_05_02
601730	201581	1249	DEPOSIT	INR	2025-01-14		ACTIVE	36950	ABS_CORE	ABS_2026_05_02
601731	201582	1907	CREDIT_CARD	EUR	2023-07-28		ACTIVE	16042	ABS_CORE	ABS_2026_05_02
601732	201583	1058	BUSINESS	INR	2024-11-12		ACTIVE	103219	ABS_CORE	ABS_2026_05_02
601733	201583	1058	SAVINGS	USD	2024-10-17		ACTIVE	101970	ABS_CORE	ABS_2026_05_02
601734	201584	1782	DEPOSIT	EUR	2023-05-20		ACTIVE	138929	ABS_CORE	ABS_2026_05_02
601735	201584	1782	DEPOSIT	INR	2024-06-08		ACTIVE	140637	ABS_CORE	ABS_2026_05_02
601736	201585	1580	CREDIT_CARD	EUR	2026-03-11		ACTIVE	211626	ABS_CORE	ABS_2026_05_02
601737	201585	1580	CURRENT	USD	2025-08-26		ACTIVE	218981	ABS_CORE	ABS_2026_05_02
601738	201586	1751	CURRENT	INR	2023-08-29		ACTIVE	22146	ABS_CORE	ABS_2026_05_02
601739	201587	1611	CURRENT	INR	2023-02-08		ACTIVE	23685	ABS_CORE	ABS_2026_05_02
601740	201587	1611	DEPOSIT	USD	2024-01-22		ACTIVE	29478	ABS_CORE	ABS_2026_05_02
601741	201588	1769	BUSINESS	INR	2023-03-27		ACTIVE	25616	ABS_CORE	ABS_2026_05_02
601742	201589	1804	CREDIT_CARD	INR	2024-08-10		ACTIVE	498949	ABS_CORE	ABS_2026_05_02
601743	201589	1804	CREDIT_CARD	INR	2024-08-27		ACTIVE	503416	ABS_CORE	ABS_2026_05_02
